ID,Name,Glottocode,Glottolog_Name,ISO639P3code,Macroarea,Family
havu1238,Savu-Havu,havu1238,,,,
pota1247,Potawatomi,pota1247,,,,
muru1274,Huitoto-Murui,muru1274,,,,
tenn1246,Tennet,tenn1246,,,,
tuwu1238,Tuwuli,tuwu1238,,,,
khva1239,Khvarshi,khva1239,,,,
woii1237,Wooi,woii1237,,,,
here1253,Herero,here1253,,,,
west2599,Kewa-West,west2599,,,,
biga1238,Biga-Maluku,biga1238,,,,
tian1237,Tiang,tian1237,,,,
momu1241,Momuna,momu1241,,,,
yidg1240,Yidgha,yidg1240,,,,
puna1266,Punan-Tubu,puna1266,,,,
bori1243,Adi-Bogaer,bori1243,,,,
nort3047,Gizga-North,nort3047,,,,
mbok1243,Mboko,mbok1243,,,,
guru1271,Guruntum,guru1271,,,,
sira1266,Sira,sira1266,,,,
gyel1242,Gyele-Bakola,gyel1242,,,,
kono1265,Konongo,kono1265,,,,
fang1248,Fang,fang1248,,,,
malo1245,Malol-Sissano,malo1245,,,,
hani1248,Honi-Hani,hani1248,,,,
naii1241,Naxi,naii1241,,,,
luba1250,Luba-Katanga,luba1250,,,,
kauw1242,Kauwera,kauw1242,,,,
tuka1249,Tukang-Besi-North,tuka1249,,,,
pani1258,Panim,pani1258,,,,
kuot1243,Kuot,kuot1243,,,,
jiam1236,Li-Jiamao,jiam1236,,,,
sene1264,Seneca,sene1264,,,,
wuch1236,Chinese-Wu-Wenzhou,wuch1236,,,,
dolp1239,Dolpo,dolp1239,,,,
kete1254,Ketengban,kete1254,,,,
naki1238,Naki-CM,naki1238,,,,
okpe1250,Edo,okpe1250,,,,
book1241,Bookan,book1241,,,,
yoru1245,Yoruba,yoru1245,,,,
tapi1253,Tapiete,tapi1253,,,,
yucu1253,Yucuna,yucu1253,,,,
koon1245,Koonzime,koon1245,,,,
lima1246,Limassa,lima1246,,,,
sema1269,Gerai-Semandang,sema1269,,,,
sout2905,Alta-Southern,sout2905,,,,
rawa1265,Rawang,rawa1265,,,,
nort2943,North Alaskan Inupiatun,nort2943,,,,
tifa1245,Tifal,tifa1245,,,,
lati1261,Latin,lati1261,,,,
lian1251,Liangmai-Naga,lian1251,,,,
supy1237,Senufo-Supyire,supy1237,,,,
laom1237,Laomian,laom1237,,,,
anas1239,Kanasi,anas1239,,,,
salt1242,Salt-Yui,salt1242,,,,
taly1247,Talysh,taly1247,,,,
koti1238,Koti,koti1238,,,,
siki1239,Sikaiana,siki1239,,,,
kala1372,Kalasha,kala1372,,,,
omah1247,Omaha-Ponca,omah1247,,,,
yoyy1238,Yoy,yoyy1238,,,,
kaja1250,Kajaman,kaja1250,,,,
nimb1256,Simbari,nimb1256,,,,
nafr1241,Nafri,nafr1241,,,,
gali1258,Galician,gali1258,,,,
sout2750,Yukaghir-South,sout2750,,,,
wawo1239,Wawonii,wawo1239,,,,
beri1254,Berik,beri1254,,,,
gusa1246,Nzema,gusa1246,,,,
east2347,Tamang-Eastern,east2347,,,,
tsum1240,Tsum,tsum1240,,,,
muna1247,Muna,muna1247,,,,
waim1255,Waimaa,waim1255,,,,
maka1304,Makaa,maka1304,,,,
kofe1239,Kofei,kofe1239,,,,
dong1293,Dong-South,dong1293,,,,
malf1237,Naahai-Malfaxal,malf1237,,,,
west2516,Uvea-West,west2516,,,,
shan1282,Tshangla,shan1282,,,,
mate1258,Matengo,mate1258,,,,
dura1244,Ura,dura1244,,,,
bain1261,Banyun-Gunyaamolo,bain1261,,,,
haaa1252,Li-Ha-Em-Zhongshan,haaa1252,,,,
movi1243,Movima,movi1243,,,,
anua1242,Anuak,anua1242,,,,
ndam1239,Ndamba,ndam1239,,,,
serr1255,Serrano,serr1255,,,,
cent2144,Mazahua-Central,cent2144,,,,
kaoo1238,Khao,kaoo1238,,,,
suki1245,Suki,suki1245,,,,
gitu1237,Gitua,gitu1237,,,,
vagl1239,Vagla,vagl1239,,,,
kint1239,Kintaq,kint1239,,,,
hula1244,Hulaula,hula1244,,,,
bemb1255,Bebe,bemb1255,,,,
bwai1242,Bwaidoka,bwai1242,,,,
daat1234,Daatsiin,daat1234,,,,
moru1253,Moru,moru1253,,,,
kaqc1270,Kaqchikel-Central,kaqc1270,,,,
mbul1263,Mbula-Mangap,mbul1263,,,,
loba1239,Lobala,loba1239,,,,
ando1256,Andoque,ando1256,,,,
miam1252,Miami-Illinois,miam1252,,,,
liki1241,Liki-Sobei,liki1241,,,,
kein1239,Kein,kein1239,,,,
guin1254,Kpelle-Guinea,guin1254,,,,
fuln1247,Fulnio,fuln1247,,,,
tumb1250,Tumbuka,tumb1250,,,,
winy1241,Winye,winy1241,,,,
sarr1246,Sar-NUSA,sarr1246,,,,
nucl1593,Kwomtari,nucl1593,,,,
okan1243,Okanagan,okan1243,,,,
hadi1240,Hadiyya,hadi1240,,,,
iged1239,Igede,iged1239,,,,
tang1330,Tanchangya,tang1330,,,,
hupl1238,Hula,hupl1238,,,,
lega1250,Lega-Mwenga,lega1250,,,,
hass1238,Hassaniyya,hass1238,,,,
tibe1272,Khams-Tibetan,tibe1272,,,,
samb1305,Samba-Leko,samb1305,,,,
bafi1243,Bafia,bafi1243,,,,
kuru1302,Kurukh,kuru1302,,,,
gros1243,Gros-Ventre,gros1243,,,,
soni1259,Soninke,soni1259,,,,
kima1244,Kimaragang-Dusun,kima1244,,,,
mong1344,Khamnigan Mongol,mong1344,,,,
kore1283,Koregueje,kore1283,,,,
bena1262,Bena,bena1262,,,,
puna1275,Punan-Bah-Biau,puna1275,,,,
aram1253,Arammba,aram1253,,,,
mbya1239,Mbya-Guarani,mbya1239,,,,
kang1288,Kwanga,kang1288,,,,
hais1244,Haisla,hais1244,,,,
laha1253,Lahanan,laha1253,,,,
gaam1241,Gaam,gaam1241,,,,
umat1237,Umatilla,umat1237,,,,
kamb1316,Xambaata,kamb1316,,,,
kash1280,Kashkay,kash1280,,,,
paly1238,Palya-Bareli,paly1238,,,,
tulu1259,Tulu,tulu1259,,,,
ghod1238,Godoberi,ghod1238,,,,
siee1239,Sie,siee1239,,,,
wara1292,Wara-Komnjo,wara1292,,,,
term1237,Termanu,term1237,,,,
kete1252,Ket,kete1252,,,,
giry1241,Giryama,giry1241,,,,
nyah1250,NyahKur,nyah1250,,,,
sout2734,Yamphu,sout2734,,,,
wola1242,Wolaitta,wola1242,,,,
ahan1243,Ahanta,ahan1243,,,,
jirj1239,Yir-Yoront,jirj1239,,,,
alak1253,Lak,alak1253,,,,
avok1242,Avokaya,avok1242,,,,
khan1273,Khanty-East,khan1273,,,,
keng1240,Kyenga,keng1240,,,,
damb1246,Dambi,damb1246,,,,
narp1239,Nar-Phu,narp1239,,,,
thoo1240,Tay-Tho,thoo1240,,,,
newa1246,Newari-Kathmandu,newa1246,,,,
ronj1237,Ronji,ronj1237,,,,
pele1245,Pele-Ata,pele1245,,,,
irul1243,Irula,irul1243,,,,
kani1279,Kaningi,kani1279,,,,
nisa1239,Nisa,nisa1239,,,,
kili1267,Kilivila,kili1267,,,,
meta1238,Meta,meta1238,,,,
kobi1241,Kobiana,kobi1241,,,,
delo1240,Delo,delo1240,,,,
mono1270,Mono-Congo,mono1270,,,,
lodh1246,Lodhi-Lodha,lodh1246,,,,
tuku1254,Tukudede,tuku1254,,,,
rabh1238,Rabha,rabh1238,,,,
agua1253,Aguaruna,agua1253,,,,
ukaa1243,Ukaan,ukaa1243,,,,
atti1239,Attie,atti1239,,,,
wapa1235,Wapa,wapa1235,,,,
okod1238,Okordia,okod1238,,,,
bant1286,Bantik,bant1286,,,,
araw1276,Arawakan,araw1276,,,,
holi1239,Holiya,holi1239,,,,
east2482,Tawbuid-Western,east2482,,,,
bung1270,Bungain,bung1270,,,,
yawa1261,Yawalapiti,yawa1261,,,,
tobi1239,Tilung,tobi1239,,,,
gofa1235,Gofa-Ethiopia,gofa1235,,,,
mont1268,Montagnais,mont1268,,,,
samo1303,Samo-Maya,samo1303,,,,
nkem1242,Nkem-Nkum,nkem1242,,,,
ngul1246,Ngulu-Nguu,ngul1246,,,,
siaw1243,Siawi-Musan,siaw1243,,,,
noku1237,Nokuku,noku1237,,,,
shil1265,Shilluk,shil1265,,,,
chep1245,Chepang,chep1245,,,,
abon1238,Abron,abon1238,,,,
midd1327,Silisili-Middle-Watut,midd1327,,,,
mons1234,Monsang,mons1234,,,,
tawa1275,Tawala,tawa1275,,,,
kaib1244,Kaibobo,kaib1244,,,,
biao1256,Biao-Mon,biao1256,,,,
chot1239,Chothe,chot1239,,,,
azha1235,Yi-Azha,azha1235,,,,
ambo1250,Malay,ambo1250,,,,
amdo1237,Amdo-Tibetan,amdo1237,,,,
corn1251,Cornish,corn1251,,,,
swab1242,Swabian,swab1242,,,,
mako1251,Makonde,mako1251,,,,
lahu1252,Lahu-Shi,lahu1252,,,,
arib1240,Aribwaung-Yalu,arib1240,,,,
mama1271,Senufo-Mamara,mama1271,,,,
wakh1245,Wakhi,wakh1245,,,,
zagh1240,Zaghawa,zagh1240,,,,
romb1245,Romblomanon,romb1245,,,,
alab1237,Alabama,alab1237,,,,
nort2875,Tiwa-Northern,nort2875,,,,
kwaa1265,Ukwa,kwaa1265,,,,
saus1247,Sause,saus1247,,,,
lamo1244,Lamogai,lamo1244,,,,
kush1236,Kushi,kush1236,,,,
uppe1275,Upper Necaxa Totonac,uppe1275,,,,
lagh1246,Laghuu,lagh1246,,,,
riun1237,Riung,riun1237,,,,
lena1238,Lenakel,lena1238,,,,
akeu1235,Akebu,akeu1235,,,,
nort2686,Bai-Northern,nort2686,,,,
bull1247,Bullom-So,bull1247,,,,
nort2702,Gondi-Southern,nort2702,,,,
mido1240,Nubian-Midob,mido1240,,,,
onei1249,Oneida,onei1249,,,,
tule1244,Tulehu,tule1244,,,,
rung1255,Runga,rung1255,,,,
kulu1255,Kulung,kulu1255,,,,
manc1252,Manchu,manc1252,,,,
nezp1238,Nez-Perce,nezp1238,,,,
dang1260,Dangaura Tharu,dang1260,,,,
turo1239,Turoyo,turo1239,,,,
kova1243,Kovai,kova1243,,,,
istr1244,Istriot,istr1244,,,,
lufu1237,Lufu-NG,lufu1237,,,,
sawa1247,Weda-Sawai,sawa1247,,,,
umaa1242,Puma,umaa1242,,,,
teop1238,Teop,teop1238,,,,
bert1249,Beti,bert1249,,,,
khas1269,Khasi-Amwi,khas1269,,,,
sund1252,Sundanese,sund1252,,,,
busa1253,Busoa,busa1253,,,,
bend1258,Bende,bend1258,,,,
isth1241,Nahuatl-Isthmus-Mecayapan,isth1241,,,,
xian1251,Chinese-Xiang-Changsha,xian1251,,,,
tena1240,Quichua-Tena,tena1240,,,,
akpe1248,Akpes-Ekiromi,akpe1248,,,,
rund1242,Rundi,rund1242,,,,
kilm1241,Kilmeri,kilm1241,,,,
wuvu1239,Wuvulu,wuvu1239,,,,
vagh1249,Vaghua,vagh1249,,,,
glio1241,Glio-Oubi,glio1241,,,,
anga1288,Sangtam-Naga,anga1288,,,,
ramp1243,Rampi,ramp1243,,,,
kinn1249,Harijian-Kinnauri,kinn1249,,,,
pala1344,Palauan,pala1344,,,,
piny1238,Pinyin,piny1238,,,,
leal1235,Chinantec-Lealao,leal1235,,,,
binu1245,Binumarien,binu1245,,,,
hann1241,Han-Athascan,hann1241,,,,
shah1253,Shahmirzadi,shah1253,,,,
nson1238,Nsong,nson1238,,,,
nawu1242,Nawuri,nawu1242,,,,
lith1251,Lithuanian,lith1251,,,,
bobo1254,Bobot,bobo1254,,,,
sahu1245,Sahu,sahu1245,,,,
levu1239,Levuka,levu1239,,,,
tuca1252,Tucanoan,tuca1252,,,,
redg1235,Gelao-Red,redg1235,,,,
tefa1238,Tefaro,tefa1238,,,,
mbel1240,Mbelime,mbel1240,,,,
faiw1243,Faiwol,faiw1243,,,,
jude1256,Tati-Judeo,jude1256,,,,
godi1239,Godie,godi1239,,,,
magu1243,Magindanao,magu1243,,,,
buru1301,Burun,buru1301,,,,
buna1277,Una,buna1277,,,,
balt1258,Balti,balt1258,,,,
abau1245,Bau,abau1245,,,,
viet1252,Vietnamese,viet1252,,,,
dege1246,Degema,dege1246,,,,
aimo1244,Aimol,aimo1244,,,,
kxoe1243,Kxoe,kxoe1243,,,,
khar1288,Maram-Naga,khar1288,,,,
wail1242,Wailapa,wail1242,,,,
darg1241,Shiri Dargwa,darg1241,,,,
sate1243,Mawé,sate1243,,,,
bagi1246,Bagirmi,bagi1246,,,,
namo1248,Fijian-Namosi-Naitasiri-Serua,namo1248,,,,
agwa1247,Agwagwune,agwa1247,,,,
mbar1260,Mbara,mbar1260,,,,
bitu1242,Bitur-PNG,bitu1242,,,,
dagb1246,Dagbani,dagb1246,,,,
koma1266,Komba,koma1266,,,,
cent2004,Bai-Central,cent2004,,,,
para1312,Paranan,para1312,,,,
anci1244,Hebrew,anci1244,,,,
tapi1254,Tapirape,tapi1254,,,,
kwom1262,Kwoma-PNG,kwom1262,,,,
boan1242,Boano-Maluku,boan1242,,,,
bend1260,Bete-Bendi,bend1260,,,,
rana1246,Rana-Tharu,rana1246,,,,
nort2774,Ngbandi-North,nort2774,,,,
east2352,Magar-East,east2352,,,,
yuch1247,Yuchi,yuch1247,,,,
bera1259,Berta,bera1259,,,,
pana1307,Panare,pana1307,,,,
hakk1236,Chinese-Hakka-Shanghang,hakk1236,,,,
byan1241,Byangsi,byan1241,,,,
tuma1248,Kanuri-Tumari,tuma1248,,,,
habu1241,Habun,habu1241,,,,
even1260,Even,even1260,,,,
bebi1242,Bebil,bebi1242,,,,
hoby1242,Hobyot,hoby1242,,,,
toho1245,Tohono O'odham-Papago,toho1245,,,,
kuni1263,Kuni-Boazi,kuni1263,,,,
tira1254,Tira,tira1254,,,,
gera1246,Gera,gera1246,,,,
hozo1236,Hozo,hozo1236,,,,
kimm1246,Kim-Mun,kimm1246,,,,
deny1238,Denya,deny1238,,,,
duwa1244,Duwai,duwa1244,,,,
kaya1328,Kayagar,kaya1328,,,,
dagi1241,Dagik,dagi1241,,,,
lamn1239,Lamnso,lamn1239,,,,
kuli1254,Kulisusu,kuli1254,,,,
ngeq1245,Riang,ngeq1245,,,,
sing1264,Jingpho,sing1264,,,,
kair1263,Kairiru,kair1263,,,,
edei1246,Ica,edei1246,,,,
mbow1246,Mbowe,mbow1246,,,,
pica1241,picard,pica1241,,,,
teni1244,Tenis,teni1244,,,,
nali1244,Nalik,nali1244,,,,
lare1249,Larevat,lare1249,,,,
kuam1234,Yi-Kuamasi,kuam1234,,,,
east1236,Katu-Eastern,east1236,,,,
bali1278,Balinese,bali1278,,,,
ayiw1239,Aiwo,ayiw1239,,,,
coeu1236,Coeur-d'Alene,coeu1236,,,,
taga1272,Manobo-Tagabawa,taga1272,,,,
urii1240,Uri-PNG,urii1240,,,,
nort2972,Embera-Northern,nort2972,,,,
kaan1246,Kansa,kaan1246,,,,
gama1251,Kham-Gamale,gama1251,,,,
sela1260,Selayar,sela1260,,,,
yala1263,Yala,yala1263,,,,
patp1243,Patpatar,patp1243,,,,
muku1242,Mukulu,muku1242,,,,
afad1236,Afade,afad1236,,,,
abui1241,Abui,abui1241,,,,
sina1266,Sinaugoro,sina1266,,,,
furu1242,Uru,furu1242,,,,
coca1259,Cocama-Cocamila,coca1259,,,,
otta1242,Ottawa,otta1242,,,,
igna1246,Ignaciano,igna1246,,,,
adas1235,Adasen,adas1235,,,,
bash1264,Bashkir,bash1264,,,,
wane1242,Wane,wane1242,,,,
sout2729,Pumi-South,sout2729,,,,
seve1240,Ojibwa-Severn,seve1240,,,,
kwan1285,Kwang,kwan1285,,,,
onob1238,Onobasulu,onob1238,,,,
arta1239,Arta-Nagtipunan,arta1239,,,,
west2555,Manobo-Western-Bukidnon,west2555,,,,
lenj1248,Lenje,lenj1248,,,,
dabe1239,Abe,dabe1239,,,,
thao1240,Tho,thao1240,,,,
fwai1237,Fwai,fwai1237,,,,
bign1238,Big-Nambas,bign1238,,,,
kora1292,Korana,kora1292,,,,
cigb1235,Waci-Gbe,cigb1235,,,,
weso1238,Kalinga-Southern,weso1238,,,,
pong1250,Pongu,pong1250,,,,
nate1242,Nateni,nate1242,,,,
wand1264,Rwanda,wand1264,,,,
rang1266,Rangkas,rang1266,,,,
liji1238,Lijili,liji1238,,,,
ersu1241,Ersu,ersu1241,,,,
zulg1242,Gemzek,zulg1242,,,,
jude1257,Persian,jude1257,,,,
meru1245,Mru,meru1245,,,,
cacu1241,Cacua,cacu1241,,,,
suru1262,Surui,suru1262,,,,
teke1275,Teke-Tyee,teke1275,,,,
numb1247,Numbami-Siboma,numb1247,,,,
maro1244,Marovo,maro1244,,,,
yend1241,Yendang-Nyandang,yend1241,,,,
west2396,Lawa-Eastern,west2396,,,,
cent2098,Berawan-Central,cent2098,,,,
kasu1251,Kasua,kasu1251,,,,
bamw1238,Bamwe-Libobi,bamw1238,,,,
kase1253,Kasem,kase1253,,,,
kork1243,Koraku,kork1243,,,,
iama1237,Iamalele,iama1237,,,,
hooo1248,Ho,hooo1248,,,,
kave1238,Kavet,kave1238,,,,
puxi1243,Chinese-Min-Puxian,puxi1243,,,,
adel1244,Adele,adel1244,,,,
jiar1240,Jiarong-Situ,jiar1240,,,,
ihaa1241,Iha-Papua,ihaa1241,,,,
nort3270,Kataang-Northern,nort3270,,,,
mask1242,Maskelynes,mask1242,,,,
land1256,Landoma,land1256,,,,
yang1286,Zhuang-Yang,yang1286,,,,
lish1246,Lishan-Didan,lish1246,,,,
keme1240,Kemezung,keme1240,,,,
mokl1243,Moklen,mokl1243,,,,
anim1239,Animere,anim1239,,,,
east2354,Kham-West-Parbate,east2354,,,,
owin1240,Owiniga,owin1240,,,,
pang1287,Pangwali,pang1287,,,,
wals1238,Walser,wals1238,,,,
kowi1239,Kowiai,kowi1239,,,,
west2763,Western-Neo-Aramaic,west2763,,,,
mber1257,Mbere,mber1257,,,,
jawe1237,Jawe,jawe1237,,,,
macu1259,Macushi,macu1259,,,,
hiju1238,Hijuk,hiju1238,,,,
west2456,West-Xwla-Gbe,west2456,,,,
kand1301,Kandas,kand1301,,,,
mara1393,Marathi,mara1393,,,,
zakh1243,Zakhring-Meyor,zakh1243,,,,
ligu1248,Ligurian,ligu1248,,,,
nort2839,North-Ambrym,nort2839,,,,
gabr1253,Gabri,gabr1253,,,,
yopn1238,Yopno,yopn1238,,,,
niel1243,Niellim,niel1243,,,,
gola1255,Gola,gola1255,,,,
emba1238,Embaloh,emba1238,,,,
cowl1242,Cowlitz,cowl1242,,,,
malt1238,Maltese,malt1238,,,,
bann1247,Banoni,bann1247,,,,
achi1256,Lachi,achi1256,,,,
uman1240,Umanakaina,uman1240,,,,
adyg1241,Adyghe,adyg1241,,,,
cunn1236,Cun,cunn1236,,,,
mang1405,Manggarai,mang1405,,,,
mait1250,Maithili,mait1250,,,,
sapo1254,Saponi,sapo1254,,,,
taii1241,Tai-Daeng,taii1241,,,,
sapo1253,Saposa,sapo1253,,,,
maaa1253,Maba,maaa1253,,,,
gwic1235,Gwichin,gwic1235,,,,
zauz1238,Zauzou,zauz1238,,,,
gale1257,Galeya,gale1257,,,,
ilok1237,Loko,ilok1237,,,,
west2630,Dani-Western,west2630,,,,
oroo1241,Oro-NG,oroo1241,,,,
wori1246,Woria,wori1246,,,,
mort1237,Mortlockese,mort1237,,,,
tahl1239,Tahltan,tahl1239,,,,
dusu1271,Dusun-Deyah,dusu1271,,,,
kron1241,Krongo,kron1241,,,,
tigr1270,Tigre,tigr1270,,,,
ndum1239,Ndumu,ndum1239,,,,
sang1337,Sangil,sang1337,,,,
ciac1237,Cia-Cia-South-Buton,ciac1237,,,,
kala1388,Kalagan-Musilim,kala1388,,,,
sout2694,Altai-south,sout2694,,,,
embe1262,Embera-Chami,embe1262,,,,
klam1254,Klamath-Modoc,klam1254,,,,
saba1262,Sabaot,saba1262,,,,
cwib1235,Bwamu-Cwi,cwib1235,,,,
momb1254,Dogon-Mombo,momb1254,,,,
kapi1249,Kapingamarangi,kapi1249,,,,
blan1242,Bulang,blan1242,,,,
kisa1266,Kisar,kisa1266,,,,
oldt1248,Tamil,oldt1248,,,,
sewa1251,Sewa-Bay,sewa1251,,,,
maga1260,Magahi-Khortha,maga1260,,,,
mong1330,BuriatMongolian,mong1330,,,,
shua1257,Shuar,shua1257,,,,
laka1255,Lakalei,laka1255,,,,
asss1237,As-Papua,asss1237,,,,
muso1238,Musom,muso1238,,,,
sher1255,Sherpa,sher1255,,,,
resh1242,Reshe,resh1242,,,,
elem1253,Eleme,elem1253,,,,
lano1248,Lanoh,lano1248,,,,
lung1249,Lungga,lung1249,,,,
nucl1595,Kwerba,nucl1595,,,,
giny1241,Giinyanga,giny1241,,,,
hars1241,Harsusi,hars1241,,,,
jimi1255,Jimi-Nigeria,jimi1255,,,,
zigu1242,Zigula,zigu1242,,,,
isok1239,Isoko,isok1239,,,,
male1289,Maleu-Kilenge,male1289,,,,
akaw1239,Akawaio-2,akaw1239,,,,
mamp1244,Mampruli,mamp1244,,,,
cara1272,Carapana,cara1272,,,,
tahi1242,Tahitian,tahi1242,,,,
leco1242,Leco,leco1242,,,,
sech1246,Sechelt,sech1246,,,,
kapy1238,Kapya,kapy1238,,,,
nyem1238,Nyemba,nyem1238,,,,
anir1237,Warwar-Feni,anir1237,,,,
gimm1241,Gimme,gimm1241,,,,
sout2730,Haida-Southern,sout2730,,,,
huns1239,Hun-Saare-Duka,huns1239,,,,
guer1241,Nahuatl-Guerrero,guer1241,,,,
naba1253,Nabak,naba1253,,,,
yimc1240,Yimchungru-Naga,yimc1240,,,,
papu1251,Papuma,papu1251,,,,
tbol1240,Tboli,tbol1240,,,,
bahi1252,Bahing,bahi1252,,,,
naro1249,Naro,naro1249,,,,
daii1240,Dai-Maluku,daii1240,,,,
bine1240,Bine,bine1240,,,,
oddd1238,Od,oddd1238,,,,
koor1239,Koorete,koor1239,,,,
ndai1238,Ndali,ndai1238,,,,
uppe1235,Taoih-Upper,uppe1235,,,,
tuot1238,Tuotomb,tuot1238,,,,
burm1263,Banam Bay-Burmbar,burm1263,,,,
adze1240,Adzera,adze1240,,,,
koko1265,Kokoda,koko1265,,,,
cofa1242,Cofan,cofa1242,,,,
waxi1236,Waxianghua,waxi1236,,,,
mans1262,Mansaka,mans1262,,,,
yala1266,Yalahatan,yala1266,,,,
nyan1305,Nyaneka,nyan1305,,,,
maja1242,Majang,maja1242,,,,
moki1238,Mokilese,moki1238,,,,
osam1235,Samaye,osam1235,,,,
bata1285,Batanga,bata1285,,,,
suga1248,Suga,suga1248,,,,
tali1257,Talieng,tali1257,,,,
emai1241,Emai,emai1241,,,,
valp1237,Valpei,valp1237,,,,
shek1243,Shekhawati,shek1243,,,,
buna1276,Bunama,buna1276,,,,
muse1242,Musey,muse1242,,,,
baka1273,Bakaka,baka1273,,,,
fala1241,Fala,fala1241,,,,
high1242,Chontal-Highland-Oaxaca,high1242,,,,
wand1278,Wandala,wand1278,,,,
mara1396,Marwari,mara1396,,,,
nara1262,Lala-Nara,nara1262,,,,
sulk1246,Sulka,sulk1246,,,,
kisi1243,Kisi-Bantu,kisi1243,,,,
tepo1239,Krumen-Tepo,tepo1239,,,,
ghom1257,Ghomara,ghom1257,,,,
tata1258,Chatino-Zacatepec,tata1258,,,,
makh1261,Makhuwa-Meetto,makh1261,,,,
amar1272,Kamara,amar1272,,,,
west2465,Sisaala-Western,west2465,,,,
pras1239,Prasun,pras1239,,,,
nort2645,Nuni-Northern,nort2645,,,,
ngas1240,Angas,ngas1240,,,,
busa1254,Busami,busa1254,,,,
arii1243,Bari,arii1243,,,,
ennn1243,En,ennn1243,,,,
mbuk1243,Mbuko,mbuk1243,,,,
kalk1245,Kalkoti,kalk1245,,,,
axam1237,Axamb,axam1237,,,,
ngan1291,Nganasan,ngan1291,,,,
mark1256,Marka,mark1256,,,,
sanb1241,Zapotec-San-Baltaza-Loxicah,sanb1241,,,,
phan1254,Phana,phan1254,,,,
mouk1239,Mouk-Aria,mouk1239,,,,
kuan1248,Kuanua,kuan1248,,,,
inpu1234,Inpui-Naga,inpu1234,,,,
simt1238,Simte,simt1238,,,,
irig1242,Rinconada-Bikol,irig1242,,,,
burm1264,Burmeso,burm1264,,,,
hung1275,Hung,hung1275,,,,
laoo1244,Naga-Lao,laoo1244,,,,
kwaa1269,Kwami,kwaa1269,,,,
wala1266,Uripiv-Wala-Rano,wala1266,,,,
jara1274,Jarai,jara1274,,,,
wumb1242,Wumvu,wumb1242,,,,
pars1251,Paresi,pars1251,,,,
raut1239,Raute,raut1239,,,,
kare1339,Karey,kare1339,,,,
selu1242,Seluwasan,selu1242,,,,
onto1237,Luangiua-Ontong-Java,onto1237,,,,
east2342,Kayah-Eastern,east2342,,,,
dido1241,Dido,dido1241,,,,
pape1239,Papel,pape1239,,,,
taus1251,Tausug,taus1251,,,,
lomb1257,Lombard,lomb1257,,,,
mang1394,Mangbetu,mang1394,,,,
fyer1241,Fer,fyer1241,,,,
bakw1243,Bakwe,bakw1243,,,,
emer1243,Emerillon,emer1243,,,,
tagb1258,Tagbanwa-Central,tagb1258,,,,
femb1238,Fembe,femb1238,,,,
maee1241,Mae-Dirax,maee1241,,,,
duau1237,Duau,duau1237,,,,
ebir1243,Ebira,ebir1243,,,,
achu1248,Achuar,achu1248,,,,
yalu1240,Yalunka,yalu1240,,,,
inar1241,Sami-Inari,inar1241,,,,
birh1242,Birhor,birh1242,,,,
ziaa1250,Zia,ziaa1250,,,,
diii1241,Dizi,diii1241,,,,
ndog1248,Ndogo,ndog1248,,,,
muth1236,Muthuvan,muth1236,,,,
sout1549,Kolami-Southeastern,sout1549,,,,
tach1250,Tachelhit,tach1250,,,,
saka1289,Sakao,saka1289,,,,
siwu1238,Siwu,siwu1238,,,,
dobe1238,Dobel,dobe1238,,,,
harz1239,Harzani,harz1239,,,,
buku1249,Mbukushu,buku1249,,,,
susu1250,Susu,susu1250,,,,
sout2859,Ambrym-Southeast,sout2859,,,,
lako1244,Lakota,lako1244,,,,
tobi1238,Tobian,tobi1238,,,,
nyam1275,Nyamwanga,nyam1275,,,,
efee1239,Fefe,efee1239,,,,
merl1237,Merlav,merl1237,,,,
nort2725,S-Rengma-Naga,nort2725,,,,
jola1263,Jola-Fonyi,jola1263,,,,
wask1241,Waskia,wask1241,,,,
tutu1241,Tutuba,tutu1241,,,,
sout2916,Palawano-Southwest,sout2916,,,,
maza1291,Mazaderani,maza1291,,,,
nucl1418,Bassa-Bantu,nucl1418,,,,
goka1239,Gokana,goka1239,,,,
mari1430,Mariri,mari1430,,,,
amal1242,Mal,amal1242,,,,
toda1252,Toda,toda1252,,,,
malo1243,Malo-Tamambo,malo1243,,,,
nort2690,Uzbek-North,nort2690,,,,
famm1241,Fyam,famm1241,,,,
tomm1242,Dogon-Toro-Soo,tomm1242,,,,
arig1246,Arigidi-Igasi,arig1246,,,,
west2402,East-Yugur,west2402,,,,
akaa1242,Yaka-Aka,akaa1242,,,,
hali1244,Selau-Halia,hali1244,,,,
mara1382,Chin-Mara,mara1382,,,,
edei1244,Idaca,edei1244,,,,
zana1238,Zanaki,zana1238,,,,
limb1266,Limbu,limb1266,,,,
sekp1241,Sekpele,sekp1241,,,,
lish1245,Lishanid-Noshan,lish1245,,,,
mauw1238,Mauwake,mauw1238,,,,
lomb1254,Lobi,lomb1254,,,,
kuan1247,Kwanyama,kuan1247,,,,
tolo1259,Tolowa,tolo1259,,,,
lakk1252,Siar-Lak,lakk1252,,,,
puoc1238,Puoc,puoc1238,,,,
loth1237,Naga-Lotha,loth1237,,,,
ayer1245,Ayere-Uwu,ayer1245,,,,
semb1240,Sembakung,semb1240,,,,
kany1247,Kanyok,kany1247,,,,
tarp1240,Tarpia,tarp1240,,,,
dera1245,Dera,dera1245,,,,
arma1244,Marma,arma1244,,,,
gali1262,Carib,gali1262,,,,
chew1245,Chewong,chew1245,,,,
moro1285,Moro-Sudan,moro1285,,,,
yamb1252,Yambetta,yamb1252,,,,
piap1246,Piapoco,piap1246,,,,
waem1237,Wa,waem1237,,,,
nyan1308,Nyanja,nyan1308,,,,
ambe1247,Amele,ambe1247,,,,
wewe1238,Yi-Western,wewe1238,,,,
akee1238,Sake,akee1238,,,,
baur1251,Bauria-Bawriya,baur1251,,,,
taku1257,Takuu,taku1257,,,,
kere1280,Kerek,kere1280,,,,
keda1252,Kedang,keda1252,,,,
miya1259,Miyako,miya1259,,,,
tang1372,Tanglang,tang1372,,,,
esee1247,Nese,esee1247,,,,
nila1242,Nilamba,nila1242,,,,
myen1241,Myene,myen1241,,,,
dupa1235,Agta-Dupaningan,dupa1235,,,,
gawa1247,Gawar-bati,gawa1247,,,,
tief1242,Tiefo,tief1242,,,,
djim1235,Senufo-Djimini,djim1235,,,,
seta1246,Setamin,seta1246,,,,
bang1363,Bangime,bang1363,,,,
bung1269,Bungku,bung1269,,,,
dawe1237,Dawera-Daweloor,dawe1237,,,,
cusc1236,Quechua-de-Cusco,cusc1236,,,,
cuvo1236,Cuvok,cuvo1236,,,,
mose1249,Tsimané,mose1249,,,,
safa1243,Safaliba,safa1243,,,,
anei1239,Aneityum,anei1239,,,,
west2458,Banda-South-Central,west2458,,,,
east2387,Limba-East,east2387,,,,
karo1303,Karon,karo1303,,,,
sanm1287,Huave-Mateo-del-Mar,sanm1287,,,,
odoo1238,Odoodee,odoo1238,,,,
heyo1240,Heyo-PNG,heyo1240,,,,
moji1238,Gelao-Moji,moji1238,,,,
bero1242,Berom,bero1242,,,,
dwan1238,Dwang,dwan1238,,,,
berb1259,Dutch,berb1259,,,,
poum1235,Poumai-Naga,poum1235,,,,
west2557,Subanon-Western,west2557,,,,
cacg1235,Roglai-Cat-Gia,cacg1235,,,,
tont1239,Tontemboan,tont1239,,,,
maru1252,Marubo,maru1252,,,,
jang1254,Jangshung,jang1254,,,,
kele1259,Keley-i,kele1259,,,,
soii1239,Usoi,soii1239,,,,
kaya1315,Kayan-Padaung,kaya1315,,,,
daka1243,Dakaka,daka1243,,,,
iris1253,Irish,iris1253,,,,
hang1258,Hanga,hang1258,,,,
bomk1234,Kim,bomk1234,,,,
than1255,Thangal-Naga,than1255,,,,
cuaa1241,Cua,cuaa1241,,,,
pinj1243,Pinji,pinj1243,,,,
urdu1245,Urdu,urdu1245,,,,
nort2961,Northwestern Ojibwa,nort2961,,,,
sawi1256,Sawila,sawi1256,,,,
lamb1272,Lamboya,lamb1272,,,,
hama1240,Hamap,hama1240,,,,
buna1278,Bunak,buna1278,,,,
yuec1235,Chinese-Yue-Taishan,yuec1235,,,,
erav1242,Eravallan,erav1242,,,,
rong1268,Rongga,rong1268,,,,
akla1241,Aklanon,akla1241,,,,
idom1241,Idoma,idom1241,,,,
sere1260,Serer-Sine,sere1260,,,,
kair1267,Kairak,kair1267,,,,
baha1256,Buyang,baha1256,,,,
mung1266,Mengaka,mung1266,,,,
nort2959,Tepehuan-Northern,nort2959,,,,
amba1265,Mambai,amba1265,,,,
taru1236,Tairuma,taru1236,,,,
biem1237,Biem,biem1237,,,,
brib1243,Bribari,brib1243,,,,
biaf1240,Biafada,biaf1240,,,,
udii1243,Udi,udii1243,,,,
bata1298,Ifugao-Batad,bata1298,,,,
kend1253,Kendeje,kend1253,,,,
yaoo1241,Yao-Bantu,yaoo1241,,,,
cane1242,Canela,cane1242,,,,
yagu1244,Yagua,yagu1244,,,,
vili1238,Vili,vili1238,,,,
pamp1244,Atta-Pamplona,pamp1244,,,,
hanu1241,Hanunoo,hanu1241,,,,
tupa1250,Tupari,tupa1250,,,,
nucl1706,Mandaic,nucl1706,,,,
kond1295,Konda-Dora,kond1295,,,,
bava1246,Bavarian,bava1246,,,,
wall1255,Walloon,wall1255,,,,
dogr1252,Dogrib,dogr1252,,,,
area1240,Uare,area1240,,,,
galo1242,Galo,galo1242,,,,
anga1290,Angaathaha,anga1290,,,,
huam1247,Huambisa,huam1247,,,,
awng1244,Awngi,awng1244,,,,
zoro1242,Zoroastrian,zoro1242,,,,
mbuu1238,Ajumbu,mbuu1238,,,,
aral1243,Aralle-Tabulahan,aral1243,,,,
wara1300,Waray-Waray,wara1300,,,,
trie1243,Trieng,trie1243,,,,
buhi1243,Buhinon Bikol,buhi1243,,,,
svan1243,Svan,svan1243,,,,
ngem1255,Ngemba-Mankon,ngem1255,,,,
bier1244,Bierebo,bier1244,,,,
bong1289,Bonggi,bong1289,,,,
teri1250,Teribe,teri1250,,,,
asil1242,Asilulu,asil1242,,,,
weda1241,Wedau,weda1241,,,,
nucl1695,Bole,nucl1695,,,,
konn1242,Konni,konn1242,,,,
lang1328,Langam-Pondi,lang1328,,,,
bulo1242,Stieng,bulo1242,,,,
mubi1246,Mubi,mubi1246,,,,
luse1252,Luiseno,luse1252,,,,
bhel1238,Bele,bhel1238,,,,
east2288,EastFrisian,east2288,,,,
kamm1249,Kam-NG,kamm1249,,,,
asum1237,Asumbuo,asum1237,,,,
bazi1237,Bazigar,bazi1237,,,,
todr1244,Todrah,todr1244,,,,
kuaa1238,Kua-Tsua,kuaa1238,,,,
chic1270,Chickasaw,chic1270,,,,
toto1305,Mixe-Tontontepec,toto1305,,,,
tiri1258,Tiri,tiri1258,,,,
anga1293,Angal-Mendi,anga1293,,,,
mwan1250,Mwani,mwan1250,,,,
esim1238,Esimbi,esim1238,,,,
bisu1244,Bisu,bisu1244,,,,
nort2907,We-Northern,nort2907,,,,
sanp1261,Zapotec-Quiatoni,sanp1261,,,,
afit1238,Afitti,afit1238,,,,
mwat1237,Mwatebu,mwat1237,,,,
roto1249,Rotokas,roto1249,,,,
oroc1248,Orochi,oroc1248,,,,
nort2966,Mao-Northern,nort2966,,,,
seru1244,Serui-Laut,seru1244,,,,
eipo1242,Eipomek,eipo1242,,,,
irig1241,Irigwe,irig1241,,,,
nkoy1244,Nkonya,nkoy1244,,,,
phen1239,Phende,phen1239,,,,
bilb1241,Bilbil,bilb1241,,,,
rett1240,Retta,rett1240,,,,
riri1237,Ririo,riri1237,,,,
daas1238,Daasanach,daas1238,,,,
seka1248,Sekapan,seka1248,,,,
yaou1238,Yaoure,yaou1238,,,,
molb1237,Molbog,molb1237,,,,
uppe1439,Upper-Chehalis,uppe1439,,,,
mand1442,Mandar-Sulawesi,mand1442,,,,
mato1252,Malto,mato1252,,,,
nend1239,Nen,nend1239,,,,
alii1240,Mali,alii1240,,,,
lind1248,Linda-Tado,lind1248,,,,
alab1254,Alaba,alab1254,,,,
kuvi1243,Kuvi,kuvi1243,,,,
adon1237,Adonara-Lamahotot,adon1237,,,,
wole1240,Woleaian,wole1240,,,,
suku1261,Sukuma,suku1261,,,,
caml1239,Camling,caml1239,,,,
tabr1243,Karawari-Tabriak,tabr1243,,,,
laal1242,Laal,laal1242,,,,
quey1238,Queyu,quey1238,,,,
gang1266,Gangte,gang1266,,,,
tang1336,Tangkhul-Naga,tang1336,,,,
laht1236,Karen-Lahtha,laht1236,,,,
bhat1265,Bhatri,bhat1265,,,,
west2721,Oromo-West-Central,west2721,,,,
kadi1248,Kadiweu,kadi1248,,,,
fata1245,Fataleka,fata1245,,,,
kohi1248,Kohistani Shina,kohi1248,,,,
quap1242,Quapaw,quap1242,,,,
ural1274,Uralic,ural1274,,,,
nalc1240,Nalca,nalc1240,,,,
waha1238,Kenyah-Wahau-Lebo,waha1238,,,,
namo1247,Namonuito,namo1247,,,,
ngam1282,Ngam,ngam1282,,,,
toro1249,Tooro,toro1249,,,,
ubyk1235,Ubykh,ubyk1235,,,,
kuru1305,Kurudu,kuru1305,,,,
aran1261,Aranadan,aran1261,,,,
faro1244,Faroese,faro1244,,,,
libi1250,Libido,libi1250,,,,
yuki1243,Yuki-Yuqui,yuki1243,,,,
mund1327,Mundani,mund1327,,,,
awac1239,Awa-Cuaiquer,awac1239,,,,
agii1245,Magi,agii1245,,,,
bari1284,Barim,bari1284,,,,
qaqe1238,Qaqet,qaqe1238,,,,
tait1250,Dawida-Taita,tait1250,,,,
pwoe1235,Karen-EastPwo,pwoe1235,,,,
vafs1240,Vafsi,vafs1240,,,,
maha1291,Mahali,maha1291,,,,
engg1245,Enggano,engg1245,,,,
tera1251,Tera,tera1251,,,,
apat1240,Apatani,apat1240,,,,
tula1252,Tula-NG,tula1252,,,,
shum1243,Shumcho,shum1243,,,,
sama1240,Samarokena,sama1240,,,,
apal1256,Apali-PNG,apal1256,,,,
kepo1237,Keo,kepo1237,,,,
kupi1238,Kupia,kupi1238,,,,
acol1236,Acholi,acol1236,,,,
rere1240,Rerep,rere1240,,,,
moha1258,Mohawk,moha1258,,,,
tiga1245,Tigak,tiga1245,,,,
bimi1240,Bimin,bimi1240,,,,
yamd1240,Yamdena,yamd1240,,,,
chip1261,Chipewyan,chip1261,,,,
para1301,Parauk,para1301,,,,
arop1242,Arop-Sissano,arop1242,,,,
makl1245,Makarero,makl1245,,,,
mars1254,Marshallese,mars1254,,,,
pile1238,Pileni,pile1238,,,,
solo1257,Solos,solo1257,,,,
zotu1235,Chin-Zotung,zotu1235,,,,
zenz1235,Chatino-Zenzontepec,zenz1235,,,,
klao1243,Lao,klao1243,,,,
hmon1331,Shua,hmon1331,,,,
mang1416,Mangas,mang1416,,,,
trum1247,Trumai,trum1247,,,,
koru1245,Korupun-Sela,koru1245,,,,
chit1279,Chitkuli,chit1279,,,,
esan1238,Esan,esan1238,,,,
jion1236,Jiongnai,jion1236,,,,
tuni1251,Tunica,tuni1251,,,,
katc1249,Kadugli,katc1249,,,,
haka1240,Haka Chin,haka1240,,,,
scot1243,Scots,scot1243,,,,
donn1239,Dogon-Donno-So,donn1239,,,,
kpla1238,Kplang,kpla1238,,,,
phom1236,Phom-Naga,phom1236,,,,
tswa1253,Tswana,tswa1253,,,,
meno1252,Menominee,meno1252,,,,
sand1273,Sandawe,sand1273,,,,
balt1257,Romani-Baltic,balt1257,,,,
dars1235,Sila,dars1235,,,,
khin1240,Khinalugh,khin1240,,,,
vang1243,Vangunu,vang1243,,,,
bodo1266,Bodo-Parja,bodo1266,,,,
fali1285,Fali-North,fali1285,,,,
lish1247,Challa-Lishana-Deni,lish1247,,,,
adio1239,Adioukrou,adio1239,,,,
iumi1238,Iu-Mien,iumi1238,,,,
hitu1239,Hitu-Maluku,hitu1239,,,,
mung1269,Munggui,mung1269,,,,
miga1249,Migama,miga1249,,,,
indo1317,Indonesian-Bahasa,indo1317,,,,
orma1241,Orma,orma1241,,,,
sioo1240,Sio,sioo1240,,,,
nung1282,Anong,nung1282,,,,
inap1243,Inapari,inap1243,,,,
ladi1251,Ladino,ladi1251,,,,
tala1285,Talaud,tala1285,,,,
duri1242,Duri,duri1242,,,,
mixt1425,Mixteco-Mixtepec,mixt1425,,,,
kala1256,Kalabra,kala1256,,,,
boli1255,Bola,boli1255,,,,
tuva1244,Tuvalu,tuva1244,,,,
iaai1238,Iaai,iaai1238,,,,
abaz1241,Abaza,abaz1241,,,,
alor1247,West-Timor-Alor-Pantar,alor1247,,,,
uppe1427,Upper-Kinabatangan,uppe1427,,,,
koho1244,Koho,koho1244,,,,
timb1251,Timbe,timb1251,,,,
desa1247,Desano,desa1247,,,,
anda1280,Hindi,anda1280,,,,
amar1273,Amarasi,amar1273,,,,
nong1247,Zhuang-Nong,nong1247,,,,
eton1255,Eton,eton1255,,,,
miya1266,Maiya,miya1266,,,,
ledo1238,Kaili-Ledo,ledo1238,,,,
taba1259,Tabasaran,taba1259,,,,
puin1248,Puinave,puin1248,,,,
saba1276,Saban,saba1276,,,,
bima1247,Bima,bima1247,,,,
dara1250,Darai,dara1250,,,,
ling1263,Lingala,ling1263,,,,
guro1248,Guro,guro1248,,,,
jowu1238,Jowulu,jowu1238,,,,
mogu1251,Mogum,mogu1251,,,,
bemb1257,Bemba,bemb1257,,,,
butb1235,Kalinga-Butbut,butb1235,,,,
sona1244,Yi-Sonaga,sona1244,,,,
mbug1242,Mbugwe,mbug1242,,,,
kupa1239,Malay-Kupang,kupa1239,,,,
malb1235,Birifor-Malba,malb1235,,,,
arap1275,Arapaho,arap1275,,,,
naue1237,Naute,naue1237,,,,
buru1320,Burunge,buru1320,,,,
adan1251,Amdang,adan1251,,,,
dogu1235,Dogul-Dom Dogon,dogu1235,,,,
tiru1241,Tiruray,tiru1241,,,,
sham1280,Shambala,sham1280,,,,
mind1255,Mindiri,mind1255,,,,
urar1246,Urarina,urar1246,,,,
boto1242,Sambal-Botolan,boto1242,,,,
bent1238,Dogon-Ben-Tey,bent1238,,,,
lein1237,Naga-Leinong,lein1237,,,,
barc1235,Grebo-Barclayville,barc1235,,,,
ngge1241,Nggem,ngge1241,,,,
kura1250,Kuranko,kura1250,,,,
jjuu1238,Jju,jjuu1238,,,,
gusi1247,Gusii,gusi1247,,,,
port1285,Port-Sandwich,port1285,,,,
pyek1235,Krumen-Pye,pyek1235,,,,
chuv1255,Chuvash,chuv1255,,,,
bhil1251,Bhili,bhil1251,,,,
stan1289,Catalan,stan1289,,,,
yaum1237,Yau-Morobe,yaum1237,,,,
balu1257,Baluan,balu1257,,,,
sigh1238,Sighu,sigh1238,,,,
semn1250,Semnam,semn1250,,,,
dewo1238,Dewoin,dewo1238,,,,
pali1274,Paniyan,pali1274,,,,
maib1239,Mai-Brat,maib1239,,,,
owaa1237,Lowa,owaa1237,,,,
saaa1240,Sa-a,saaa1240,,,,
seri1255,Serili,seri1255,,,,
brer1240,Breri,brer1240,,,,
cavi1250,Cavinena,cavi1250,,,,
kagu1239,Kagulu,kagu1239,,,,
cham1312,Chamorro,cham1312,,,,
guya1251,Gua,guya1251,,,,
phuz1235,Yi-Phuza,phuz1235,,,,
ejag1239,Ejagham,ejag1239,,,,
male1297,Maleku-Jaika,male1297,,,,
sins1241,Kou-PNG,sins1241,,,,
nekk1240,Nek-PNG,nekk1240,,,,
finn1318,Finnish,finn1318,,,,
minb1244,Chinese-Min-Youxi,minb1244,,,,
rong1266,Rongmei,rong1266,,,,
vemg1240,Vemgo-Mabas,vemg1240,,,,
deng1250,Dengese,deng1250,,,,
labw1238,Thuri,labw1238,,,,
jehh1245,Jeh,jehh1245,,,,
sela1259,Selaru,sela1259,,,,
doon1238,Dondo,doon1238,,,,
chac1249,Chachi,chac1249,,,,
seka1247,Sekar,seka1247,,,,
alag1242,Alago,alag1242,,,,
gala1264,Galambu,gala1264,,,,
bate1262,Batek-Deq,bate1262,,,,
wers1238,Wersing,wers1238,,,,
tiwi1244,Tiwi,tiwi1244,,,,
koya1251,Nkoya,koya1251,,,,
kura1249,Kurama-Akurmi,kura1249,,,,
seek1238,Seeku,seek1238,,,,
ling1265,Lingarak-Neverver,ling1265,,,,
pana1303,Panasuan,pana1303,,,,
fata1247,Fataluku,fata1247,,,,
mofu1248,Mofu-Gudur,mofu1248,,,,
seng1278,Sengele,seng1278,,,,
pina1252,Pinai-Hagahai,pina1252,,,,
phui1238,Phuie,phui1238,,,,
sout2699,Uzbek-South,sout2699,,,,
maku1278,Makurap,maku1278,,,,
kuni1268,Kunigami,kuni1268,,,,
makh1264,Makhuwa-Enahara,makh1264,,,,
biak1248,Biak,biak1248,,,,
sala1266,Salar,sala1266,,,,
kung1260,Kung,kung1260,,,,
nort2857,Watut-North-Unank,nort2857,,,,
kelo1247,Klon,kelo1247,,,,
waff1241,Waffa,waff1241,,,,
cabe1245,Cabecar,cabe1245,,,,
pima1248,Pima-Bajo,pima1248,,,,
kach1272,KachiKoli,kach1272,,,,
tsog1243,Tsogo,tsog1243,,,,
stan1295,German,stan1295,,,,
maon1238,Mao-Naga,maon1238,,,,
finl1235,Swedish,finl1235,,,,
huas1242,Huastec-San-Luís-Potosí,huas1242,,,,
tere1272,Luro-Teressa,tere1272,,,,
kryt1240,Kryts,kryt1240,,,,
kuwa1247,Kuwaa,kuwa1247,,,,
mtir1236,Iraya,mtir1236,,,,
kwam1249,Kwama,kwam1249,,,,
wabb1237,Wab,wabb1237,,,,
cent2050,Kanuri-Central,cent2050,,,,
dzaa1238,Dza-Jenjo,dzaa1238,,,,
sala1272,Quichua-Salasaca,sala1272,,,,
awad1244,Awad-Bing,awad1244,,,,
bolo1263,Bolondo,bolo1263,,,,
kulf1238,Kula,kulf1238,,,,
chec1245,Chechen,chec1245,,,,
whit1267,Gelao-White,whit1267,,,,
tsak1250,Tsaukambo,tsak1250,,,,
ixca1246,Mazatec-Ixcatlan,ixca1246,,,,
rajb1243,Rajbanshi,rajb1243,,,,
baan1241,Baoan,baan1241,,,,
tina1248,Tina Sambal,tina1248,,,,
naka1262,Nakanai,naka1262,,,,
vene1258,Venetian,vene1258,,,,
siwa1245,Siwa,siwa1245,,,,
west2466,Karaboro-West,west2466,,,,
hiww1237,Hiw,hiww1237,,,,
murl1244,Murle,murl1244,,,,
tase1235,Tase-Naga,tase1235,,,,
lepc1244,Lepcha,lepc1244,,,,
kwam1252,Kwamera,kwam1252,,,,
east2465,Tarangan-East,east2465,,,,
kirg1245,Kirghiz,kirg1245,,,,
waur1244,Waura,waur1244,,,,
alan1249,Kalagan,alan1249,,,,
nyab1255,Nyabwa,nyab1255,,,,
dira1242,Dirasha,dira1242,,,,
pero1241,Pero,pero1241,,,,
waro1242,Waropen,waro1242,,,,
friu1240,Friulian,friu1240,,,,
gbii1242,Gbii,gbii1242,,,,
asho1236,Chin-Asho,asho1236,,,,
sici1248,Sicilian,sici1248,,,,
sana1298,Sanapana,sana1298,,,,
fore1265,Forest-Nenets,fore1265,,,,
noga1249,Nogai,noga1249,,,,
sanf1262,Matlatzinca,sanf1262,,,,
ilia1236,Manobo-Ilianen,ilia1236,,,,
kopk1238,Kopkaka,kopk1238,,,,
sali1295,SalibaAM,sali1295,,,,
mvub1239,Mvuba,mvub1239,,,,
korw1242,Korwa,korw1242,,,,
poch1243,Pochury-Naga,poch1243,,,,
spok1245,Spokane,spok1245,,,,
wehh1238,Weh,wehh1238,,,,
okie1245,Okiek-Akie,okie1245,,,,
lame1257,Lamen,lame1257,,,,
iwal1237,Iwal-Kaiwa,iwal1237,,,,
tuge1241,Tugen,tuge1241,,,,
mban1268,Mbangwe,mban1268,,,,
chak1270,Chak,chak1270,,,,
bial1238,Biali,bial1238,,,,
neng1238,Nengone,neng1238,,,,
akha1245,Akha,akha1245,,,,
kway1241,Kwaya,kway1241,,,,
cakf1236,Mushere,cakf1236,,,,
katl1237,Katla,katl1237,,,,
akak1253,Kol-AA,akak1253,,,,
taro1264,Tarok,taro1264,,,,
lipo1242,Lipo,lipo1242,,,,
kome1238,Komering,kome1238,,,,
nucl1770,Dyan,nucl1770,,,,
pamp1243,Pampangan,pamp1243,,,,
genn1243,Gen-Gbe,genn1243,,,,
sale1244,Saleman,sale1244,,,,
ngaj1237,Ngaju,ngaj1237,,,,
pang1290,Pangasinan,pang1290,,,,
ibal1244,Ibaloi-Inibaloi,ibal1244,,,,
kabo1247,Kabola,kabo1247,,,,
yagw1240,Yagwoia,yagw1240,,,,
kate1253,Kate,kate1253,,,,
gayo1244,Gayo,gayo1244,,,,
damp1237,Dampelas,damp1237,,,,
amii1238,Tami,amii1238,,,,
zang1249,Zan-Gula,zang1249,,,,
lari1255,Larike-Wakasihu,lari1255,,,,
kwak1269,Kwakiutl,kwak1269,,,,
luch1239,Luchazi,luch1239,,,,
yoku1256,Yokuts,yoku1256,,,,
pipi1250,Pipil,pipi1250,,,,
inab1237,Abaknon,inab1237,,,,
colo1256,Colorado,colo1256,,,,
balk1254,Gagauz,balk1254,,,,
basa1284,Baka-Cameroun,basa1284,,,,
nyak1260,Nyakyusa,nyak1260,,,,
mpur1239,Mpur,mpur1239,,,,
dorz1235,Dorze,dorz1235,,,,
kano1244,Kanowit,kano1244,,,,
nyan1307,Nyankole,nyan1307,,,,
ayuu1242,Fayu,ayuu1242,,,,
louu1245,Lou-Manus,louu1245,,,,
ticu1245,Ticuna,ticu1245,,,,
saar1237,Saaroa,saar1237,,,,
temo1243,Temoq,temo1243,,,,
hida1246,Hidatsa,hida1246,,,,
bong1284,Bongili,bong1284,,,,
tund1254,Tundra-Nenets,tund1254,,,,
bogh1241,Boghom,bogh1241,,,,
nort2954,Paiute-Northern,nort2954,,,,
bong1285,Bongo,bong1285,,,,
akum1238,Akum,akum1238,,,,
kabw1241,Kabwa,kabw1241,,,,
phon1246,Phong-Kniang,phon1246,,,,
adiw1235,Garasia,adiw1235,,,,
igoo1238,Igbo,igoo1238,,,,
khow1242,Khowar,khow1242,,,,
awut1241,Awutu,awut1241,,,,
mamb1296,Mambwe-Lungu,mamb1296,,,,
clal1241,Clallam,clal1241,,,,
baan1242,Bartangi,baan1242,,,,
tete1250,Tetela,tete1250,,,,
east2332,Eastern-Bru,east2332,,,,
keni1248,Keninjal,keni1248,,,,
kaga1256,Kagayanen,kaga1256,,,,
rapa1244,Rapanui,rapa1244,,,,
casi1235,Casiguran Dumagat Agta,casi1235,,,,
fiji1243,Fijian-Gone-Dau,fiji1243,,,,
matu1261,Matukar,matu1261,,,,
kaba1281,Kaba-Na,kaba1281,,,,
mser1242,Mer,mser1242,,,,
gude1246,Gude,gude1246,,,,
boro1282,Boro,boro1282,,,,
tigr1271,Tigrigna,tigr1271,,,,
bawm1236,Chin-Bawm,bawm1236,,,,
mbos1242,Mboshi,mbos1242,,,,
bant1281,Banawa,bant1281,,,,
aghe1239,Aghem,aghe1239,,,,
remb1250,Rembong,remb1250,,,,
enge1239,Engenni,enge1239,,,,
boko1267,Bokobaru,boko1267,,,,
anuu1241,Anu,anuu1241,,,,
kosa1249,Yale,kosa1249,,,,
mewa1249,Mewari,mewa1249,,,,
boru1252,Boruca,boru1252,,,,
tomo1243,Dogon-Togo-Kan,tomo1243,,,,
tivv1240,Tiv,tivv1240,,,,
nguo1239,Nguon,nguo1239,,,,
omii1238,Omi,omii1238,,,,
ormu1247,Ormuri,ormu1247,,,,
paum1247,Paumari,paum1247,,,,
paiw1248,Paiwan,paiw1248,,,,
java1254,Japanese,java1254,,,,
yane1238,Yanesha,yane1238,,,,
dano1240,Dano-PNG,dano1240,,,,
luto1241,Lutos,luto1241,,,,
suma1270,Sumu,suma1270,,,,
muya1243,Muyang,muya1243,,,,
khia1236,Khiamniungan,khia1236,,,,
west2392,Mari-West,west2392,,,,
kwan1278,Kwangali,kwan1278,,,,
ashe1269,She,ashe1269,,,,
hueh1236,Tepehua-Huehuetla,hueh1236,,,,
dhim1246,Dhimal,dhim1246,,,,
waam1244,Waama,waam1244,,,,
tedi1235,Chin-Tiddim,tedi1235,,,,
bela1256,Belanda-Bor,bela1256,,,,
kund1255,Kunda,kund1255,,,,
eggo1239,Eggon,eggo1239,,,,
nucl1630,Barai-PNG,nucl1630,,,,
dime1235,Dime,dime1235,,,,
kuma1278,Kumalu,kuma1278,,,,
balk1252,Romani-Balkan,balk1252,,,,
tari1263,Tarifit,tari1263,,,,
aust1304,Austral-Rurutu,aust1304,,,,
bang1350,Bangubangu,bang1350,,,,
iowa1245,Iowa-Oto,iowa1245,,,,
kimb1241,Kimbundu,kimb1241,,,,
loka1252,Lokaa,loka1252,,,,
kaie1237,Kaiep,kaie1237,,,,
west2450,Limba-Central-West,west2450,,,,
kona1242,Konai,kona1242,,,,
nyan1315,Nyangatom,nyan1315,,,,
taul1251,Tulil,taul1251,,,,
bahi1254,Bahinemo,bahi1254,,,,
nara1264,Nara,nara1264,,,,
vuna1239,Vunapu,vuna1239,,,,
koli1253,Subanon-Kalibugan,koli1253,,,,
ghul1238,Nubian-Ghulfan,ghul1238,,,,
nyen1254,Nyenkha,nyen1254,,,,
sinh1246,Sinhala,sinh1246,,,,
puri1262,Purik,puri1262,,,,
sanp1260,Amuzgo-San-Pedro,sanp1260,,,,
guat1253,Guato,guat1253,,,,
meos1237,Meoswar,meos1237,,,,
cent2118,Awyu-Central,cent2118,,,,
ngba1284,Ngbaka,ngba1284,,,,
labi1245,Labir-Jalu,labi1245,,,,
sani1269,Yi-Sani,sani1269,,,,
kull1236,Kullu Pahari,kull1236,,,,
ayor1240,Ayoreo,ayor1240,,,,
yulu1243,Yulu,yulu1243,,,,
kach1284,Kachama-Ganjule,kach1284,,,,
kama1357,Kamarian,kama1357,,,,
chuj1250,Chuj-Ixtatan,chuj1250,,,,
east2555,Guarani-East-Bolivia,east2555,,,,
nepa1253,Nepali,nepa1253,,,,
uluk1257,Ulukwumi,uluk1257,,,,
okpa1238,Okpamheri,okpa1238,,,,
notr1240,Notre,notr1240,,,,
nyun1247,Nyungar,nyun1247,,,,
enga1252,Kenga,enga1252,,,,
orum1241,Ouma,orum1241,,,,
tatu1247,Tatuyo,tatu1247,,,,
baet1237,Baetora,baet1237,,,,
igal1242,Igala,igal1242,,,,
kamv1242,Kamviri,kamv1242,,,,
yele1255,Lyele,yele1255,,,,
anuf1239,Anufo,anuf1239,,,,
east2486,Berawan-East,east2486,,,,
saya1246,Saya,saya1246,,,,
empl1237,Emplawas,empl1237,,,,
bela1255,Belanda-Viri,bela1255,,,,
saxw1241,Saxwe-Gbe,saxw1241,,,,
tehi1237,Tehit,tehi1237,,,,
moun1252,Koiali-Mountain,moun1252,,,,
umir1236,Umiray-Dumaget-Agta,umir1236,,,,
haza1239,Hazara,haza1239,,,,
tawr1235,Thawr Chin,tawr1235,,,,
turu1249,Trung,turu1249,,,,
bayo1255,Bayot-Senegal,bayo1255,,,,
musi1241,Mursi,musi1241,,,,
komc1235,Kom,komc1235,,,,
mala1457,Malasar,mala1457,,,,
nyat1246,Nyaturu,nyat1246,,,,
chip1262,Chipaya,chip1262,,,,
gung1250,Gungu,gung1250,,,,
chop1243,Hopi,chop1243,,,,
ngwo1241,Ngwo,ngwo1241,,,,
sout2954,Amami,sout2954,,,,
mbun1249,Mbunda,mbun1249,,,,
sema1265,Semaq Beri,sema1265,,,,
sumb1241,Sumbawa,sumb1241,,,,
keig1242,Keiga,keig1242,,,,
halh1238,Halh Mongolian,halh1238,,,,
suri1273,Surigaonon,suri1273,,,,
minn1241,Chinese-Minnan,minn1241,,,,
keak1239,Kemak,keak1239,,,,
marg1251,Maru,marg1251,,,,
mzie1235,Zeme-Naga,mzie1235,,,,
ngom1270,Ngom,ngom1270,,,,
bamu1256,Bamunka,bamu1256,,,,
west2535,Masela-East,west2535,,,,
jire1238,Jirel,jire1238,,,,
dyug1238,Dugun,dyug1238,,,,
hupd1244,Hupde,hupd1244,,,,
alek1238,Alekano,alek1238,,,,
hewa1241,Hewa,hewa1241,,,,
cham1309,Chamalal,cham1309,,,,
noct1238,Nocte-Naga,noct1238,,,,
samr1245,Samre,samr1245,,,,
tzel1254,Tzeltal-Bachajon,tzel1254,,,,
atii1237,Tati,atii1237,,,,
vidu1238,Vidunda,vidu1238,,,,
tamp1252,Tampulma,tamp1252,,,,
dela1251,Dela-Oenale,dela1251,,,,
urim1252,Urim,urim1252,,,,
nyar1245,Senufo-Niarafolo,nyar1245,,,,
kana1291,Kanamari,kana1291,,,,
sout2785,Gbaya-Southwest,sout2785,,,,
chol1282,Chol-Tila,chol1282,,,,
mail1248,Mailu-Magi,mail1248,,,,
wayu1243,Wayuu,wayu1243,,,,
sena1268,Senaya,sena1268,,,,
mint1239,Mintil,mint1239,,,,
urho1239,Urhobo,urho1239,,,,
kony1248,Konyak-Naga,kony1248,,,,
ogbi1239,Ogbia,ogbi1239,,,,
pard1245,Pardhan,pard1245,,,,
wush1238,Wusi,wush1238,,,,
fiji1242,Hindi-Fiji,fiji1242,,,,
coos1249,Coos,coos1249,,,,
kiok1239,Kioko,kiok1239,,,,
nand1264,Nande,nand1264,,,,
uppe1437,Upper-Tanana,uppe1437,,,,
norw1262,Norwegian,norw1262,,,,
matb1237,Matbat,matb1237,,,,
ambu1247,Ambulas,ambu1247,,,,
neap1235,Neapolitan,neap1235,,,,
mand1443,Mander,mand1443,,,,
huuu1240,Hu,huuu1240,,,,
onge1236,Ngeq,onge1236,,,,
kukk1239,Kuk-CM,kukk1239,,,,
samo1305,Samoan,samo1305,,,,
ache1246,Aceh,ache1246,,,,
hinu1240,Hinukh,hinu1240,,,,
mans1258,Mantsi,mans1258,,,,
kubo1242,Kubo,kubo1242,,,,
oldo1234,Ossetic,oldo1234,,,,
aigh1235,Aighon,aigh1235,,,,
east2340,Muria-Far-Eastern,east2340,,,,
ibuu1240,Jibu,ibuu1240,,,,
momj1237,Mom-Jango,momj1237,,,,
kara1500,Karaja,kara1500,,,,
arak1252,Araki,arak1252,,,,
aben1249,Ayta-Abenlen,aben1249,,,,
tuma1250,Tuma-Irumu,tuma1250,,,,
magd1235,Mixteco-Magdalen-Penasco,magd1235,,,,
cent2134,Nahuatl-Huasteca,cent2134,,,,
pate1247,Patep,pate1247,,,,
tlin1245,Tlingit,tlin1245,,,,
ngom1272,Ngomba,ngom1272,,,,
yano1261,Yanomamo,yano1261,,,,
orow1242,Orowe,orow1242,,,,
nuku1258,Nukumanu,nuku1258,,,,
gudu1252,Guduf-Gav,gudu1252,,,,
aikl1237,Kaul-Aiklep,aikl1237,,,,
kube1244,Kube,kube1244,,,,
chig1238,Chiga,chig1238,,,,
vasa1239,Vasavi,vasa1239,,,,
kain1272,Katingan,kain1272,,,,
mani1297,Manipa-Maluku,mani1297,,,,
lola1248,Lola-Maluku,lola1248,,,,
tawa1286,Tawallammat-Tamajaq,tawa1286,,,,
cors1241,Corsican,cors1241,,,,
lowl1260,Chontal-Lowland-Oaxaca,lowl1260,,,,
madi1261,Madi-PNG,madi1261,,,,
hajo1238,Hajong,hajo1238,,,,
kolb1240,Kolbila,kolb1240,,,,
sumi1235,Sumi-Naga,sumi1235,,,,
bond1246,Kulango-Bondoukou,bond1246,,,,
logu1236,LogudoreseSardinian,logu1236,,,,
omag1248,Omagua,omag1248,,,,
zial1235,Zialo,zial1235,,,,
nzak1246,Nzakambay,nzak1246,,,,
mang1403,Mangseng,mang1403,,,,
lumu1239,Lumun,lumu1239,,,,
jeju1234,Korean-Jejueo,jeju1234,,,,
wanu1241,Wanukaka,wanu1241,,,,
blab1237,Blablanga,blab1237,,,,
mari1435,Maringe,mari1435,,,,
bala1314,Balaesan,bala1314,,,,
mayo1261,Mayogo,mayo1261,,,,
shar1249,Shawa,shar1249,,,,
tean1237,Teanu,tean1237,,,,
ikkk1242,Ik,ikkk1242,,,,
taki1248,Takia,taki1248,,,,
sele1250,Selepet,sele1250,,,,
tega1236,Tegali,tega1236,,,,
gwii1239,Gwi,gwii1239,,,,
bant1288,Bantoanon,bant1288,,,,
mbal1257,Mbala,mbal1257,,,,
mand1409,Mandyali,mand1409,,,,
nyal1250,Nyali,nyal1250,,,,
slov1269,Slovak,slov1269,,,,
gowr1239,Gowro,gowr1239,,,,
hoav1238,Hoava,hoav1238,,,,
lule1254,Sami-Lule,lule1254,,,,
khan1272,Khandeshi,khan1272,,,,
kaik1246,Kaike,kaik1246,,,,
komi1268,Komi-Zyrian,komi1268,,,,
arme1259,Armenian,arme1259,,,,
huil1244,Huilliche,huil1244,,,,
youn1235,younuo,youn1235,,,,
long1395,Longgu,long1395,,,,
nort2847,Tanna-North,nort2847,,,,
gusi1246,Gusilay,gusi1246,,,,
biha1246,Bih,biha1246,,,,
tata1257,Tatana,tata1257,,,,
weno1238,Mixteco-Northern-Tlaxiaco,weno1238,,,,
ahir1243,Ahirani,ahir1243,,,,
guhu1244,Guhu-Samane,guhu1244,,,,
bang1356,Bangolan,bang1356,,,,
sapa1251,Saparua,sapa1251,,,,
bahn1262,Bahnar,bahn1262,,,,
lang1324,Lango,lang1324,,,,
weri1253,Weri,weri1253,,,,
seru1246,Murut-Serudung,seru1246,,,,
pulu1242,Puluwatese,pulu1242,,,,
bata1301,Batak-PH,bata1301,,,,
gana1277,Ganda,gana1277,,,,
boan1243,Boano,boan1243,,,,
bank1256,Bankon,bank1256,,,,
bala1302,Balanta-Ganja,bala1302,,,,
tali1259,Talise,tali1259,,,,
nung1283,Nung,nung1283,,,,
vunj1238,Vunjo,vunj1238,,,,
puno1238,Puno,puno1238,,,,
lotu1250,Lotud,lotu1250,,,,
yima1243,Yimas,yima1243,,,,
yukp1241,Yukpa,yukp1241,,,,
teee1242,Teen,teee1242,,,,
alaw1244,Alagwa,alaw1244,,,,
komo1260,Komo,komo1260,,,,
butu1244,Butuanon,butu1244,,,,
ninz1246,Ninzo,ninz1246,,,,
sher1257,Sherdukpen,sher1257,,,,
oldu1238,Uighur,oldu1238,,,,
anyi1245,Anyin,anyi1245,,,,
jeme1245,Jemez,jeme1245,,,,
auhe1237,Auhelawa,auhe1237,,,,
yaqu1251,Yaqui,yaqu1251,,,,
mbaa1245,Mbay,mbaa1245,,,,
lasa1237,Lasalimu,lasa1237,,,,
nden1248,Ndengeleko,nden1248,,,,
pono1240,Ponosakan,pono1240,,,,
umbu1257,Umbundu,umbu1257,,,,
samb1325,Sambalpuri,samb1325,,,,
lagw1237,Lagwan,lagw1237,,,,
aura1243,Kaur,aura1243,,,,
geji1246,Geji,geji1246,,,,
kurt1250,Kuri,kurt1250,,,,
sout2789,Dagaare-Northern,sout2789,,,,
nort2864,Wemale,nort2864,,,,
nsar1238,Sarsi,nsar1238,,,,
naml1240,Nama,naml1240,,,,
mbee1249,Mbe-Nigeria,mbee1249,,,,
koda1236,Koda-AA,koda1236,,,,
cash1251,Cashibo-Cacataibo,cash1251,,,,
sara1326,Sarangani Bilaan,sara1326,,,,
koro1316,Koro-India,koro1316,,,,
shor1247,Shor,shor1247,,,,
chon1284,Chong,chon1284,,,,
budu1265,Buduma,budu1265,,,,
mpad1242,Mpade,mpad1242,,,,
caro1242,Carolinian,caro1242,,,,
eloy1241,Eloyi,eloy1241,,,,
lakk1238,Lakkia,lakk1238,,,,
pata1262,Pamona,pata1262,,,,
kaur1271,Kaure,kaur1271,,,,
kemt1242,Kemtuik,kemt1242,,,,
pahn1237,Pa-Hng,pahn1237,,,,
ingr1248,Lingurian,ingr1248,,,,
sout2908,Kalinga-Northern,sout2908,,,,
mari1432,Mari-East,mari1432,,,,
ngai1241,Ngaing,ngai1241,,,,
tauy1241,Tauya,tauy1241,,,,
ekaj1238,Ekajuk,ekaj1238,,,,
chhu1238,Chhulung-Rai,chhu1238,,,,
sout2739,Tujia-South,sout2739,,,,
sout2895,South-Nuaulu,sout2895,,,,
baik1238,Baikeno-Timorese,baik1238,,,,
sout2866,Marquesan-South,sout2866,,,,
peka1242,Pekal,peka1242,,,,
polo1242,Polonombauk,polo1242,,,,
mini1256,Huitoto-Minica,mini1256,,,,
lave1249,Laven,lave1249,,,,
wotu1240,Wotu,wotu1240,,,,
yako1252,Yakoma,yako1252,,,,
poqo1254,Poqomchi-Western,poqo1254,,,,
piem1238,Piedmontese,piem1238,,,,
keya1238,Keyagana,keya1238,,,,
wash1253,Washo,wash1253,,,,
kiss1246,Kis,kiss1246,,,,
rajp1235,Garasia-Rajput,rajp1235,,,,
mawe1251,Mawes,mawe1251,,,,
onin1245,Onin,onin1245,,,,
buol1237,Buol,buol1237,,,,
samb1315,Samburu,samb1315,,,,
ndas1238,Ndasa,ndas1238,,,,
samm1244,Sam-PNG,samm1244,,,,
lama1288,Lamang,lama1288,,,,
elna1235,Cora-El-Nayar,elna1235,,,,
dung1251,Dungra Bhil,dung1251,,,,
mula1253,Mulam,mula1253,,,,
hrus1242,Hruso,hrus1242,,,,
orok1266,Orok,orok1266,,,,
muns1251,Munsee,muns1251,,,,
shes1236,Kham-Sheshi,shes1236,,,,
cutc1238,Swahili,cutc1238,,,,
bela1260,Belait,bela1260,,,,
bedo1237,Bedoanas,bedo1237,,,,
iban1267,Ibanag,iban1267,,,,
dita1238,Ditammari,dita1238,,,,
anii1245,Anii,anii1245,,,,
befa1241,Befang,befa1241,,,,
beav1236,Beaver,beav1236,,,,
dawa1242,Dawawa,dawa1242,,,,
mamu1255,Mamuju,mamu1255,,,,
saaf1238,Saafi-Saafi,saaf1238,,,,
pisa1237,Tepehua-Pisaflores,pisa1237,,,,
otuh1238,Lotuho,otuh1238,,,,
hawa1245,Hawaiian,hawa1245,,,,
band1343,Banda-Tangbago,band1343,,,,
baba1264,Baba,baba1264,,,,
misi1243,Misima-Paneati,misi1243,,,,
lewo1243,Lewo,lewo1243,,,,
kaim1241,Kaimbulawa,kaim1241,,,,
tern1247,Ternate,tern1247,,,,
cuyo1237,Cuyonon,cuyo1237,,,,
kara1478,Kara-PNG,kara1478,,,,
mugo1238,Mugom,mugo1238,,,,
wamb1257,Wambule,wamb1257,,,,
ahte1237,Ahtena,ahte1237,,,,
bubi1250,Ubi,bubi1250,,,,
icel1236,Icelandic,icel1236,,,,
shek1244,Shekkacho,shek1244,,,,
koal1240,Koalib,koal1240,,,,
kuuk1238,U,kuuk1238,,,,
biss1248,Bissa,biss1248,,,,
hone1235,Hone,hone1235,,,,
ganc1239,Chinese-Gan-Fuzhou,ganc1239,,,,
somr1240,Somray,somr1240,,,,
herd1236,Herde,herd1236,,,,
sout2976,Tepehuan-Southeast,sout2976,,,,
tomo1244,Tomoip,tomo1244,,,,
bint1245,Bintauna,bint1245,,,,
bata1293,Batak-Karo,bata1293,,,,
zhab1238,Zhaba,zhab1238,,,,
suku1259,Sukur,suku1259,,,,
irrr1240,Ir,irrr1240,,,,
sout2774,Yi-Southeast,sout2774,,,,
bish1244,Bishnupriya,bish1244,,,,
lugb1240,Lugbara,lugb1240,,,,
hovo1239,Hovongan,hovo1239,,,,
krac1238,Krache,krac1238,,,,
kund1257,Kundal-Shahi,kund1257,,,,
ekii1241,Seki,ekii1241,,,,
lazz1240,Laz,lazz1240,,,,
kipu1237,Kiput,kipu1237,,,,
bura1276,Burate,bura1276,,,,
tetu1246,Tetun,tetu1246,,,,
dumi1241,Dumi,dumi1241,,,,
mlab1235,Mlabri,mlab1235,,,,
niue1239,Niuean,niue1239,,,,
waio1238,Waioli,waio1238,,,,
gaoo1237,Garo,gaoo1237,,,,
soga1242,Soga,soga1242,,,,
shon1251,Shona,shon1251,,,,
yeko1240,Yekora,yeko1240,,,,
bett1235,Kurumba-Betta,bett1235,,,,
miyo1238,Miyobe-Sola,miyo1238,,,,
zang1248,Zangskari,zang1248,,,,
edop1238,Edopi,edop1238,,,,
mbul1260,Mbula-Bwazaa,mbul1260,,,,
extr1243,Extremaduran,extr1243,,,,
nukn1238,Nukna,nukn1238,,,,
ukra1235,Ukrainian,ukra1235,,,,
guru1261,Gurung-West,guru1261,,,,
beng1282,Enga,beng1282,,,,
ende1246,Mende,ende1246,,,,
kang1280,Kangri,kang1280,,,,
cent2131,Tarahumara-Central,cent2131,,,,
sehw1238,Sehwi,sehw1238,,,,
pari1256,Prai,pari1256,,,,
kara1462,Karagas,kara1462,,,,
munc1235,Chin-Mun,munc1235,,,,
malu1245,Malua-Bay,malu1245,,,,
tali1262,Taliabo,tali1262,,,,
sant1439,Mixteco-Santa-Lucia-Monteverde,sant1439,,,,
kono1264,Kono,kono1264,,,,
halb1244,Halbi,halb1244,,,,
blag1240,Blagar,blag1240,,,,
asun1236,Zapotec-Mixtepec,asun1236,,,,
sout2642,Balochi,sout2642,,,,
lamp1243,Lampung-Api,lamp1243,,,,
bili1260,Bilin,bili1260,,,,
seco1241,Secoya,seco1241,,,,
gamb1252,Wolof,gamb1252,,,,
helo1243,Helong,helo1243,,,,
okuu1243,Oku,okuu1243,,,,
kons1243,Konso,kons1243,,,,
salu1253,Saluan-Coastal,salu1253,,,,
acha1249,Achang-Lianghe,acha1249,,,,
khal1270,Khalaj,khal1270,,,,
bare1276,Abar,bare1276,,,,
rang1269,Rangi,rang1269,,,,
ndem1249,Ndemli,ndem1249,,,,
luri1256,Luri,luri1256,,,,
taji1246,Tajio,taji1246,,,,
onon1246,Onondaga,onon1246,,,,
tora1259,Torau,tora1259,,,,
shug1248,Shughni,shug1248,,,,
pary1242,Parya,pary1242,,,,
nobi1240,Nubian-Nobiin,nobi1240,,,,
sher1258,Sherbro,sher1258,,,,
gagn1235,Bete-Gagnoa,gagn1235,,,,
vaip1239,Vaiphei,vaip1239,,,,
lada1244,Ladakhi,lada1244,,,,
lang1316,Buyang-Langjia,lang1316,,,,
daoo1238,Dao-Moi,daoo1238,,,,
dual1243,Duala,dual1243,,,,
leha1242,Lehar,leha1242,,,,
sgaw1245,Karen-Sgaw,sgaw1245,,,,
tewa1260,Tewa,tewa1260,,,,
male1282,Maleng,male1282,,,,
biao1254,Biao,biao1254,,,,
yems1235,Yemsa,yems1235,,,,
capa1241,Capanahua,capa1241,,,,
molo1266,Moloko,molo1266,,,,
edec1238,Cabe,edec1238,,,,
moco1246,Mocovi,moco1246,,,,
bakh1245,Bakhtiari,bakh1245,,,,
pank1249,Pankhu,pank1249,,,,
mann1248,Mango,mann1248,,,,
ires1239,Iresim-Yeresiam,ires1239,,,,
sout2857,Naahai-South-West-Bay,sout2857,,,,
indo1318,Portuguese,indo1318,,,,
osos1238,Ososo,osos1238,,,,
nusu1239,Nusu,nusu1239,,,,
mama1275,Mamanwa,mama1275,,,,
pard1243,Pardhi,pard1243,,,,
quio1241,Zapotec-Quioquitani,quio1241,,,,
nyin1250,Nyindrou,nyin1250,,,,
kham1291,Kamang,kham1291,,,,
paus1244,Pauserna-Guarasu,paus1244,,,,
east2440,Makian-East,east2440,,,,
rade1240,Rhade,rade1240,,,,
dogo1295,Dogose,dogo1295,,,,
sapo1251,Sapo,sapo1251,,,,
nucl1632,Semnani,nucl1632,,,,
tamp1251,Tampuan,tamp1251,,,,
makw1236,Makwe,makw1236,,,,
boli1256,Bolinao,boli1256,,,,
aluk1238,Kurumba-Alu,aluk1238,,,,
baha1258,Baham,baha1258,,,,
wanm1242,Wanman,wanm1242,,,,
cogu1240,Cogui,cogu1240,,,,
arem1240,Arem,arem1240,,,,
wand1267,Wandamen,wand1267,,,,
kapi1250,Kapin,kapi1250,,,,
buhu1237,Buhutu,buhu1237,,,,
rovi1238,Roviana,rovi1238,,,,
bamu1257,Buamu,bamu1257,,,,
mfum1238,Mfumte,mfum1238,,,,
horp1239,Horpa,horp1239,,,,
taha1241,Tahaggart-Tamahaq,taha1241,,,,
ukhw1241,Ukhwejo,ukhw1241,,,,
doro1266,Doromu-Koki,doro1266,,,,
nort2860,Babar-North,nort2860,,,,
peta1245,Petats,peta1245,,,,
quil1240,Quileute,quil1240,,,,
simb1256,Simbo,simb1256,,,,
toke1240,Tokelauan,toke1240,,,,
nort2967,Pomo-Southeastern,nort2967,,,,
tagw1240,Senufo-Tagwana,tagw1240,,,,
lava1239,Lavatbura-Lamusong,lava1239,,,,
seka1250,Sekani,seka1250,,,,
miga1241,Migabac,miga1241,,,,
yine1238,Yine-Piro,yine1238,,,,
seda1262,Sedang,seda1262,,,,
pich1237,Asheninka-Pichis,pich1237,,,,
gitx1241,Gitxsan,gitx1241,,,,
pagu1249,Pagu,pagu1249,,,,
izon1238,Izon,izon1238,,,,
batu1258,Batuley,batu1258,,,,
amah1245,Amahai-Kouro,amah1245,,,,
tson1249,Tsonga,tson1249,,,,
ngil1242,Ngie,ngil1242,,,,
heil1246,Heiltsuk,heil1246,,,,
wamb1259,Wambon,wamb1259,,,,
waig1243,Waigali,waig1243,,,,
plai1258,Cree-Plain,plai1258,,,,
nyah1249,Nyaheun,nyah1249,,,,
phra1235,Karen-Phrae-Pwo,phra1235,,,,
mara1397,Marau-Papua,mara1397,,,,
inon1237,Inonhan,inon1237,,,,
hunz1247,Hunzib,hunz1247,,,,
nort3046,Mofu-North,nort3046,,,,
fung1245,Fungwa,fung1245,,,,
munj1244,Munji,munj1244,,,,
mefe1242,Mefele,mefe1242,,,,
bunn1240,Buin,bunn1240,,,,
olds1249,Spanish,olds1249,,,,
sout3010,Roglai-Northern,sout3010,,,,
vaoo1237,Vao-Vanuatu,vaoo1237,,,,
kaka1265,Kakabe,kaka1265,,,,
yoke1238,Yoke-Papuan,yoke1238,,,,
ceba1235,Senufo-Cebara,ceba1235,,,,
deni1241,Deni,deni1241,,,,
seze1235,Seze,seze1235,,,,
baro1253,Barok,baro1253,,,,
khir1237,Khirwar-Palamu,khir1237,,,,
diri1252,Diriku,diri1252,,,,
duma1253,Duma,duma1253,,,,
roma1328,Romagnol,roma1328,,,,
tuts1235,Naga-Tutsa,tuts1235,,,,
cher1273,Cherokee,cher1273,,,,
mati1250,Manobo-Matig-Salug,mati1250,,,,
viem1243,Viemo,viem1243,,,,
east2472,Damar-East,east2472,,,,
cent2084,Agta-Central-Cagayan,cent2084,,,,
mank1251,Mankanya,mank1251,,,,
tuma1260,Tumak,tuma1260,,,,
irar1238,Irahutu,irar1238,,,,
obol1243,Obolo,obol1243,,,,
nucl1290,Wa-Vo-Awa,nucl1290,,,,
astu1245,Asturian,astu1245,,,,
lowe1385,LowerSorbian,lowe1385,,,,
puka1242,Pukapuka,puka1242,,,,
tond1251,Tondano,tond1251,,,,
isna1241,Isnag,isna1241,,,,
aghu1253,Aghul,aghu1253,,,,
ulwa1239,Yaul-Ulwa,ulwa1239,,,,
oldr1238,Russian,oldr1238,,,,
bumm1238,Mbum,bumm1238,,,,
gito1238,Gitonga,gito1238,,,,
macu1260,Macuna,macu1260,,,,
kama1360,Kamasau,kama1360,,,,
waga1268,Wagawaga,waga1268,,,,
samt1238,Samtao,samt1238,,,,
namb1293,Nyambo,namb1293,,,,
puna1274,Punan-Merah,puna1274,,,,
boht1238,Bohtan-Neo-Aramaic,boht1238,,,,
payn1244,Paynamar,payn1244,,,,
nopa1235,Chatino-Nopala,nopa1235,,,,
maor1244,Comorian,maor1244,,,,
nemi1240,Nemi,nemi1240,,,,
doma1260,Domaaki,doma1260,,,,
kant1249,Kantosi,kant1249,,,,
sina1271,Sinasina-Tabare,sina1271,,,,
itel1242,Itlemen,itel1242,,,,
seme1247,Semelai,seme1247,,,,
haro1237,Haroi,haro1237,,,,
song1303,Songye,song1303,,,,
yinb1236,Karen-Yinbaw,yinb1236,,,,
iyiv1238,Iyive,iyiv1238,,,,
kalu1248,Kaluli,kalu1248,,,,
defa1248,Defaka,defa1248,,,,
phal1254,Phalura,phal1254,,,,
bola1250,Bola-AN,bola1250,,,,
lauj1238,Lauje,lauj1238,,,,
pent1242,Pentlatch,pent1242,,,,
dhao1237,Ndao-Dhao,dhao1237,,,,
luxe1241,Luxembourg,luxe1241,,,,
sasa1249,Sasak,sasa1249,,,,
tama1340,Tama,tama1340,,,,
maia1251,Maiadomu,maia1251,,,,
newc1244,Javanese,newc1244,,,,
dhat1238,Dhatki,dhat1238,,,,
jebe1250,Jebero,jebe1250,,,,
hadz1240,Hadza,hadz1240,,,,
ford1242,Fordara,ford1242,,,,
ronn1241,Ron-Chadic,ronn1241,,,,
taup1242,Taupota,taup1242,,,,
turk1304,Turkmen,turk1304,,,,
abuu1241,Labu,abuu1241,,,,
vwan1235,Wanji,vwan1235,,,,
basq1248,Basque,basq1248,,,,
ngam1268,Ngambay,ngam1268,,,,
aich1238,Ai-Cham,aich1238,,,,
alam1246,Alamblak,alam1246,,,,
awer1241,Awera,awer1241,,,,
dass1243,Dass,dass1243,,,,
yuhu1238,Yuhup,yuhu1238,,,,
wanc1238,Wancho-Naga,wanc1238,,,,
ncan1245,Nchane,ncan1245,,,,
bade1248,Bade,bade1248,,,,
nucl1696,Tangale,nucl1696,,,,
komp1237,Kompane,komp1237,,,,
kwaj1242,Waja,kwaj1242,,,,
mund1328,Mundabli,mund1328,,,,
vari1239,Varisi,vari1239,,,,
koir1240,Koireng,koir1240,,,,
tady1237,Tadyawan,tady1237,,,,
okol1241,Okolod,okol1241,,,,
abua1244,Abua,abua1244,,,,
bare1279,Barein,bare1279,,,,
seti1248,Liana-Seti,seti1248,,,,
coma1245,Comanche,coma1245,,,,
nips1240,Nipsan,nips1240,,,,
natu1246,Natugu,natu1246,,,,
saka1287,Sakata,saka1287,,,,
timu1262,Murut-Timugon,timu1262,,,,
maor1246,Magori,maor1246,,,,
nden1249,Ndendeule,nden1249,,,,
hata1243,Hatam,hata1243,,,,
adiv1239,Oriya,adiv1239,,,,
pagi1243,Pagibete,pagi1243,,,,
kokb1239,Kok-Borok,kokb1239,,,,
kond1303,Konda-PNG,kond1303,,,,
cent1989,Khmer-Central,cent1989,,,,
haya1250,Haya-Hani,haya1250,,,,
masi1265,Masimasi,masi1265,,,,
biao1253,Ao-Biao,biao1253,,,,
pana1305,Panamint,pana1305,,,,
tela1241,Tela-Masbuar,tela1241,,,,
glav1244,Glavda,glav1244,,,,
meng1267,Mengen,meng1267,,,,
chru1239,Chrau,chru1239,,,,
mish1244,Miship,mish1244,,,,
wame1240,Wamey,wame1240,,,,
zara1247,Zaramo,zara1247,,,,
brun1245,Bisaya-Brunei,brun1245,,,,
bamb1269,Bambara,bamb1269,,,,
goro1270,Gorowa,goro1270,,,,
saam1282,Sakam,saam1282,,,,
ambe1248,Ambelau,ambe1248,,,,
teke1280,Kukuya,teke1280,,,,
bata1291,Batak-Mandaling,bata1291,,,,
kosr1238,Kusaiean-Kosraean,kosr1238,,,,
bwek1238,Karen-Bwe,bwek1238,,,,
chic1273,Triqui-Chicahuaxtla,chic1273,,,,
even1259,Evenki,even1259,,,,
aito1238,Aiton,aito1238,,,,
kuri1259,Kuria,kuri1259,,,,
taid1247,Tai-Dam,taid1247,,,,
sout2883,Babar-Southeast,sout2883,,,,
lioo1240,Lio,lioo1240,,,,
bugu1246,Bugun-Khowa,bugu1246,,,,
east1472,Keres-Western,east1472,,,,
nort2722,Qiang-North,nort2722,,,,
samp1249,Sampang,samp1249,,,,
nume1242,Nume,nume1242,,,,
doya1240,Doyayo,doya1240,,,,
east2398,Karaboro-East,east2398,,,,
khmu1256,Khmu,khmu1256,,,,
coco1261,Cocopa,coco1261,,,,
sire1246,Sirenik,sire1246,,,,
xinc1247,Xinca,xinc1247,,,,
hili1240,Hiligaynon,hili1240,,,,
bugl1243,Buglere,bugl1243,,,,
saka1283,Sakachep,saka1283,,,,
niva1238,Nivacle,niva1238,,,,
dusu1269,Dusun-Malang,dusu1269,,,,
lisu1250,Lisu,lisu1250,,,,
nasa1239,Nasal,nasa1239,,,,
baro1252,Barombi,baro1252,,,,
dame1241,Dameli,dame1241,,,,
masb1238,Masbatenyo,masb1238,,,,
opao1240,Opao,opao1240,,,,
lega1249,Lega-Shabunda,lega1249,,,,
koko1269,Kokota,koko1269,,,,
raro1241,Rarotonga,raro1241,,,,
luwo1239,Luwo,luwo1239,,,,
anak1240,Anakalangu,anak1240,,,,
tere1276,Terebu,tere1276,,,,
tazn1238,Taznatit,tazn1238,,,,
paha1251,Pahari-Potwari,paha1251,,,,
bats1242,bats,bats1242,,,,
mede1237,Medebur,mede1237,,,,
kham1290,Khamti,kham1290,,,,
amar1274,Amarakaeri,amar1274,,,,
neoa1234,Neyo,neoa1234,,,,
vito1235,Vitu,vito1235,,,,
wutu1241,Wutunhua,wutu1241,,,,
mand1436,Mandinka,mand1436,,,,
vaag1238,Vaagri-Booli-Hakki-Pikki,vaag1238,,,,
khue1238,Khuen,khue1238,,,,
bate1261,Bateri,bate1261,,,,
lisa1239,Lisabata-Nuniali,lisa1239,,,,
rung1258,Ruga,rung1258,,,,
alun1238,Alune,alun1238,,,,
hemb1242,Hema,hemb1242,,,,
ibat1238,Ibatan,ibat1238,,,,
mann1246,Mannan,mann1246,,,,
khol1240,Kholok,khol1240,,,,
tama1336,Tamagario,tama1336,,,,
ache1244,Ache-Tupi,ache1244,,,,
lusi1240,Lusi,lusi1240,,,,
biyo1243,Iyo,biyo1243,,,,
suab1238,Suabo,suab1238,,,,
seri1257,Seri,seri1257,,,,
arib1241,Aribwatsa-Lae,arib1241,,,,
sora1254,Sora,sora1254,,,,
kuma1273,Kumaoni,kuma1273,,,,
naun1237,Nauna,naun1237,,,,
tomb1243,Tombulu,tomb1243,,,,
west2488,Krahn-West,west2488,,,,
wamp1248,Wampur,wamp1248,,,,
tiey1235,Bozo-Tieyaxo,tiey1235,,,,
mull1244,Mullu-Kurumba,mull1244,,,,
baki1244,Baki-AN,baki1244,,,,
nucl1440,Masalit,nucl1440,,,,
sich1238,Yi-Sichuan,sich1238,,,,
west2615,Apache-Western,west2615,,,,
cerm1238,Cerma,cerm1238,,,,
ekar1243,Ekari,ekar1243,,,,
anfi1235,Anfillo,anfi1235,,,,
tomi1243,Tomini,tomi1243,,,,
piti1243,Spiti,piti1243,,,,
kone1241,Koneraw,kone1241,,,,
bady1239,Badyara,bady1239,,,,
quet1239,Mixe-Quetzaltepec,quet1239,,,,
baba1266,Babanki,baba1266,,,,
kuta1241,Ghale-Kutang-Kuke,kuta1241,,,,
looo1238,Logo,looo1238,,,,
bang1368,Biangai,bang1368,,,,
lele1264,Lelemi,lele1264,,,,
lush1252,Lushootseed,lush1252,,,,
tind1238,Tindi,tind1238,,,,
gamb1251,Kambera,gamb1251,,,,
maca1260,Maka-Maca,maca1260,,,,
sout2869,Tanna-Southwest,sout2869,,,,
rapa1245,Rapa,rapa1245,,,,
lefa1242,Lefa,lefa1242,,,,
sanb1242,Kuna-San-Blas,sanb1242,,,,
temb1270,Tembo,temb1270,,,,
pamo1253,Pamosu,pamo1253,,,,
ajie1238,Haji,ajie1238,,,,
mind1253,Chinese-Min-Dong,mind1253,,,,
koro1296,Koroshi,koro1296,,,,
pemo1248,Pemon,pemo1248,,,,
ming1252,Mingrelian,ming1252,,,,
xaas1235,Xaasongaxango,xaas1235,,,,
zoog1238,Zapotec-Zoogocho,zoog1238,,,,
beem1239,Beembe,beem1239,,,,
amel1241,Aimele,amel1241,,,,
port1286,Port-Vato,port1286,,,,
yoba1237,Yoba,yoba1237,,,,
maba1273,Mabaan,maba1273,,,,
quin1251,Quinault,quin1251,,,,
pira1254,Piratapuyo,pira1254,,,,
agoi1246,Tagoi,agoi1246,,,,
want1252,Wantoat,want1252,,,,
koii1238,Kodi,koii1238,,,,
sain1246,French,sain1246,,,,
dani1285,Danish,dani1285,,,,
bara1371,Baras,bara1371,,,,
daga1275,Daga-PNG,daga1275,,,,
gila1241,Gilaki,gila1241,,,,
rwaa1238,Rwa,rwaa1238,,,,
suda1236,Arabic-Sudanese,suda1236,,,,
paas1238,Paasaal,paas1238,,,,
kaby1243,Kabyle,kaby1243,,,,
ainu1251,Ainu,ainu1251,,,,
embe1259,Embera-Baudo,embe1259,,,,
mong1342,Mongondow,mong1342,,,,
sout2956,Haida-Northern,sout2956,,,,
sion1247,Siona,sion1247,,,,
tsoo1241,Teso,tsoo1241,,,,
ikul1238,Ikulu,ikul1238,,,,
gava1241,Avar,gava1241,,,,
sobe1238,Mo-Sobei,sobe1238,,,,
tumu1242,Sisaali-Tumulung,tumu1242,,,,
mega1243,Megam,mega1243,,,,
folo1238,Folopa,folo1238,,,,
yeru1240,Yerukula,yeru1240,,,,
kara1495,Karaw,kara1495,,,,
djeo1235,Jabuti,djeo1235,,,,
mapu1244,Jama-Mapun,mapu1244,,,,
pouy1238,Pouye,pouy1238,,,,
sent1260,Chin-Senthang,sent1260,,,,
iban1264,Ibani,iban1264,,,,
mali1279,Malila,mali1279,,,,
dzon1239,Dzongkha,dzon1239,,,,
wabo1240,Wabo-Papua,wabo1240,,,,
chok1245,Chokwe,chok1245,,,,
arbo1245,Arbore,arbo1245,,,,
siri1278,Siroi,siri1278,,,,
rayo1235,Zoque-Rayon,rayo1235,,,,
yami1256,Yaminahua,yami1256,,,,
bomw1238,Bomwali,bomw1238,,,,
tugu1246,Tugutil,tugu1246,,,,
pwon1235,Karen-Northern-Pwo,pwon1235,,,,
boro1279,Borong,boro1279,,,,
chit1274,ChiwanTharu,chit1274,,,,
loxi1235,Zapotec-Loxicha-Miahuatec,loxi1235,,,,
ugon1239,Ugong,ugon1239,,,,
nuku1260,Nukuoro,nuku1260,,,,
andi1255,Andio,andi1255,,,,
kana1286,Kanakanabu,kana1286,,,,
tamn1235,Citak,tamn1235,,,,
lete1241,Letemboi,lete1241,,,,
ikpo1238,Ikposo,ikpo1238,,,,
jura1242,Juray,jura1242,,,,
akpa1238,Dakpa,akpa1238,,,,
leng1259,Lengo,leng1259,,,,
kaid1239,Kaidipang,kaid1239,,,,
tola1247,Tolaki,tola1247,,,,
bamb1265,Bambalang,bamb1265,,,,
haho1237,Hahon,haho1237,,,,
neku1237,Neku,neku1237,,,,
gura1251,Gurani,gura1251,,,,
taba1263,Tabaru,taba1263,,,,
lolo1264,Loloda,lolo1264,,,,
zena1237,Zenag,zena1237,,,,
akwa1248,Akwa,akwa1248,,,,
gads1258,Gadsup,gads1258,,,,
motl1237,Motlav,motl1237,,,,
didi1258,Didinga,didi1258,,,,
ulit1238,Ulithian,ulit1238,,,,
daha1247,Dahalik,daha1247,,,,
pait1244,Paite,pait1244,,,,
ngaw1239,Chin-Ngawn,ngaw1239,,,,
stra1244,Salish-Straits,stra1244,,,,
beez1238,Beezen,beez1238,,,,
puru1266,Purum,puru1266,,,,
tagi1241,Tagin,tagi1241,,,,
bola1252,Bolango,bola1252,,,,
sind1270,Sindhi,sind1270,,,,
soko1263,Sokoro,soko1263,,,,
mand1415,Chinese-Mandarin,mand1415,,,,
ngon1267,Ngongo,ngon1267,,,,
bino1237,Itneg-Binongan,bino1237,,,,
laim1240,Laimbue,laim1240,,,,
idat1237,Idate,idat1237,,,,
sout2943,Tairora-North,sout2943,,,,
cham1313,Chamari,cham1313,,,,
bala1310,Balangao,bala1310,,,,
nucl1460,Madurese,nucl1460,,,,
mang1399,Kanuri-Manga,mang1399,,,,
kiku1240,Kikuyu,kiku1240,,,,
yeii1239,Yei,yeii1239,,,,
asut1235,Asu,asut1235,,,,
chau1259,Chaudangsi,chau1259,,,,
ilon1239,Ilongot,ilon1239,,,,
bala1315,Balantak,bala1315,,,,
dima1251,Dimasa,dima1251,,,,
kang1281,Kangjia,kang1281,,,,
diji1241,Dijim-Bwilim,diji1241,,,,
isir1237,Isirawa,isir1237,,,,
nila1244,Nila-Maluku,nila1244,,,,
bhar1241,Bharia,bhar1241,,,,
yoco1235,Dida-Yokoboue,yoco1235,,,,
moro1287,Moronene,moro1287,,,,
kibe1241,Kibet,kibe1241,,,,
anat1248,Dogon-Nanga,anat1248,,,,
nyun1248,Nyungwe,nyun1248,,,,
cent2150,Tunebo-Central,cent2150,,,,
sunw1242,Sunwar,sunw1242,,,,
miqi1235,Yi-Miqie-Micha,miqi1235,,,,
east2485,Penan-Eastern,east2485,,,,
lonc1237,Loncong,lonc1237,,,,
gwan1268,Gwandara,gwan1268,,,,
tura1265,Turka,tura1265,,,,
degg1238,Deg,degg1238,,,,
tons1240,Tonsea,tons1240,,,,
ingu1240,Ingush,ingu1240,,,,
nort2671,Sami-North,nort2671,,,,
bhoj1244,Bhojpuri,bhoj1244,,,,
nots1237,Notsi,nots1237,,,,
czec1258,Czech,czec1258,,,,
mata1306,Matal,mata1306,,,,
efai1241,Efai,efai1241,,,,
logb1245,Logba,logb1245,,,,
kela1258,Kelabit,kela1258,,,,
mpuo1241,Mpuono-Mbuun,mpuo1241,,,,
bete1261,Bete-Guebie,bete1261,,,,
ngba1285,Ngbaka-Mabo,ngba1285,,,,
ujir1237,Ujir,ujir1237,,,,
burj1242,Burji,burj1242,,,,
keiy1238,Keiyo,keiy1238,,,,
bose1237,Boselewa,bose1237,,,,
abur1243,Bure,abur1243,,,,
loko1255,Gimi-Loko,loko1255,,,,
fipa1238,Fipa,fipa1238,,,,
hmar1241,Hmar,hmar1241,,,,
guer1243,Amuzgo-Guerrero,guer1243,,,,
gela1264,Mulao,gela1264,,,,
bani1255,Baniwa,bani1255,,,,
doma1258,Domari,doma1258,,,,
kukn1238,Kukna,kukn1238,,,,
ebug1241,Ebughu,ebug1241,,,,
khan1278,Khana,khan1278,,,,
boky1238,Bokyi,boky1238,,,,
chok1243,Chokri-Naga,chok1243,,,,
saru1242,Sarudu,saru1242,,,,
mehr1241,Mehri,mehr1241,,,,
mroc1235,Chin-Mro,mroc1235,,,,
zand1248,Zande,zand1248,,,,
pula1263,Pulaar,pula1263,,,,
katb1237,Katbol,katb1237,,,,
bwan1241,Bwanabwana,bwan1241,,,,
sara1327,Manobo-Sarangani,sara1327,,,,
daai1236,Chin-Daai,daai1236,,,,
ndut1239,Ndut,ndut1239,,,,
baba1268,Babatana,baba1268,,,,
puyu1239,Puyuma,puyu1239,,,,
goem1240,Goemai,goem1240,,,,
pech1241,Pech,pech1241,,,,
kemb1235,Kemberano,kemb1235,,,,
orok1269,Orokaiva,orok1269,,,,
musg1254,Musgu,musg1254,,,,
mpot1241,Mpotovoro,mpot1241,,,,
teor1240,Teor,teor1240,,,,
chan1313,Chang-Naga,chan1313,,,,
nucl1396,Suena,nucl1396,,,,
sauk1252,Sauk-Ma-Manda,sauk1252,,,,
sout2991,Quechua-Bolivian,sout2991,,,,
nade1244,Nadeb,nade1244,,,,
kash1277,Kashmiri,kash1277,,,,
mitl1236,Zapotec-Amatlan,mitl1236,,,,
baru1267,Baruya,baru1267,,,,
koba1240,Koba-Maluku,koba1240,,,,
hote1245,Hote,hote1245,,,,
chha1249,Chhattisgarhi,chha1249,,,,
khan1274,Khang,khan1274,,,,
sart1249,Sartang,sart1249,,,,
yuku1243,Yukuben,yuku1243,,,,
darf1239,Fur,darf1239,,,,
sang1315,Sangasari,sang1315,,,,
baca1246,Bacama,baca1246,,,,
yong1280,Yonggom,yong1280,,,,
ling1262,Lingao,ling1262,,,,
jena1242,Bozo-Jenaama,jena1242,,,,
pang1291,Pangutaran-Sama,pang1291,,,,
ansu1237,Ansus,ansu1237,,,,
moli1248,Molima,moli1248,,,,
hler1235,Yi-Hlersu,hler1235,,,,
gepo1234,Gepo-Gepu,gepo1234,,,,
wutu1244,Wutung,wutu1244,,,,
dzao1238,Dzao-Min,dzao1238,,,,
chut1247,Chut,chut1247,,,,
zimb1251,Zimba,zimb1251,,,,
calu1238,Caluyanun,calu1238,,,,
east2544,Abenaki-Western,east2544,,,,
nafa1258,Nafaanra,nafa1258,,,,
rakh1245,Rakhine,rakh1245,,,,
wuna1248,Wunai,wuna1248,,,,
numa1254,Numanggang,numa1254,,,,
tama1365,Tamasheq,tama1365,,,,
cind1241,Cinda,cind1241,,,,
lamp1242,Lampung-Nyo,lamp1242,,,,
neha1247,Nehan,neha1247,,,,
idii1243,Idi,idii1243,,,,
itaw1240,Itawit,itaw1240,,,,
bhay1238,Haya,bhay1238,,,,
piar1243,Piaroa,piar1243,,,,
mala1522,Malayo,mala1522,,,,
ngul1247,Ngul-Ngoli,ngul1247,,,,
gwen1239,Gweno,gwen1239,,,,
resi1247,Resigaro,resi1247,,,,
teke1279,Teke-Nzikou,teke1279,,,,
tsam1247,Tsamai,tsam1247,,,,
nafu1238,Nafusi-Nefusa,nafu1238,,,,
selk1253,Selkup-North,selk1253,,,,
ogbr1243,Ogbronuagum,ogbr1243,,,,
mais1250,Maisin,mais1250,,,,
somy1238,Somyev,somy1238,,,,
koro1298,Koromfe,koro1298,,,,
hual1241,Quechua-Huallaga,hual1241,,,,
nume1241,Numee,nume1241,,,,
mape1249,Mape,mape1249,,,,
bekw1242,Bekwel,bekw1242,,,,
anus1237,Anus-Sobei,anus1237,,,,
ukit1237,Ukit,ukit1237,,,,
tuki1240,Tuki,tuki1240,,,,
ekpe1253,Ekpeye,ekpe1253,,,,
umes1235,Sami-Ume,umes1235,,,,
juan1238,Juang,juan1238,,,,
kusa1251,Kusaghe,kusa1251,,,,
baga1270,Baga-Mandori,baga1270,,,,
xere1240,Xerente,xere1240,,,,
komy1238,Komyandaret,komy1238,,,,
bush1247,Bushong,bush1247,,,,
kara1464,Karaim,kara1464,,,,
kols1241,Kolsch,kols1241,,,,
dong1285,Dongxiang,dong1285,,,,
dato1239,Datooga,dato1239,,,,
maxi1236,Maxi-Gbe,maxi1236,,,,
temi1246,Temiar,temi1246,,,,
erzy1239,Erzya,erzy1239,,,,
dill1242,Dilling,dill1242,,,,
nort2836,Efate-North-Nguna,nort2836,,,,
bada1258,Mada-Nigeria,bada1258,,,,
bond1247,Bondei,bond1247,,,,
cimb1238,Cimbrian,cimb1238,,,,
maka1318,Makah,maka1318,,,,
jaqa1244,Jaqaru,jaqa1244,,,,
kari1303,Karingani,kari1303,,,,
mayo1264,Mayo,mayo1264,,,,
vinm1237,Vinmavis,vinm1237,,,,
tane1237,Tanema,tane1237,,,,
broo1239,Brooke's Point Palawano,broo1239,,,,
ashe1272,Asheninka-Perene,ashe1272,,,,
remo1248,Remo,remo1248,,,,
suwa1241,Suwawa,suwa1241,,,,
bata1292,Batak-Alas,bata1292,,,,
cand1248,Candoshi-Shapra,cand1248,,,,
isth1244,Zapotec-Isthmus-Juchitan,isth1244,,,,
mush1238,Mushunguli,mush1238,,,,
gale1259,Galela,gale1259,,,,
grom1238,Roma,grom1238,,,,
domu1246,Domung,domu1246,,,,
kaul1240,Kaulong,kaul1240,,,,
geru1240,Geruma,geru1240,,,,
lonw1238,Lonwolwol,lonw1238,,,,
waim1251,Roro-Waima,waim1251,,,,
baat1238,Baatonum,baat1238,,,,
kiow1264,Kiowa,kiow1264,,,,
gata1239,Gta,gata1239,,,,
kere1283,Kerewe,kere1283,,,,
sama1300,Sama-Balangingi,sama1300,,,,
fonn1241,Fon-Gbe,fonn1241,,,,
besm1235,Besme,besm1235,,,,
cadd1256,Caddo,cadd1256,,,,
nuku1259,Nukuria,nuku1259,,,,
sout2728,Qiang-South,sout2728,,,,
piya1245,Piya,piya1245,,,,
megl1237,Meglenoromanian,megl1237,,,,
dogr1250,Dogri,dogr1250,,,,
kuik1246,Kuikúro,kuik1246,,,,
luok1236,Luo-Kenya,luok1236,,,,
lore1244,Lorediakarkar,lore1244,,,,
assy1241,Assyrian,assy1241,,,,
goro1259,Gorontalo,goro1259,,,,
papa1265,Papapana,papa1265,,,,
bako1249,Bakoko,bako1249,,,,
alut1245,Alyutor,alut1245,,,,
marb1239,Marba,marb1239,,,,
youl1235,Jinou-Youle,youl1235,,,,
loni1238,Loniu,loni1238,,,,
buki1248,Bukitan,buki1248,,,,
lezg1247,Lezgian,lezg1247,,,,
anin1240,Anindilyakwa,anin1240,,,,
dawr1236,Gamo-Gofa-Dawro,dawr1236,,,,
efik1245,Efik,efik1245,,,,
asur1254,Suri,asur1254,,,,
dand1238,Maria-Dandami,dand1238,,,,
coma1246,Chinantec-Comaltepec,coma1246,,,,
yuro1248,Yurok,yuro1248,,,,
gban1258,Gbanzili,gban1258,,,,
pyen1239,Pyen,pyen1239,,,,
keii1239,Kemi,keii1239,,,,
dayy1236,Day,dayy1236,,,,
pimb1238,Pimbwe,pimb1238,,,,
cent2194,Tamazight-Central,cent2194,,,,
brok1247,Brokskad,brok1247,,,,
yamn1237,Sunum-Yamna,yamn1237,,,,
kumi1248,Kumeyay-Kumiai,kumi1248,,,,
bara1367,Barakai,bara1367,,,,
dalo1238,Bete-Daloa,dalo1238,,,,
kota1279,Kota,kota1279,,,,
tima1241,Tima,tima1241,,,,
semi1264,Semimi,semi1264,,,,
cota1241,Manobo-Cotabato,cota1241,,,,
nama1268,Namakura,nama1268,,,,
yere1243,Yeretuar-Umar,yere1243,,,,
sula1245,Sula-Maluku,sula1245,,,,
papa1268,Papar,papa1268,,,,
lukp1238,Lukpa-Gur,lukp1238,,,,
nucl1651,Wintu,nucl1651,,,,
chak1271,Chakali,chak1271,,,,
luan1263,Luang,luan1263,,,,
chen1266,Chenoua,chen1266,,,,
kild1236,Sami-Kildin,kild1236,,,,
dedu1240,Dedua,dedu1240,,,,
nuba1241,Nubaca,nuba1241,,,,
nuka1242,Nukak,nuka1242,,,,
decc1239,Deccan-Dakkani-Urdu,decc1239,,,,
soch1239,Chinantec-Sochiapan,soch1239,,,,
umbu1258,Umbu-Ungu,umbu1258,,,,
mudh1235,Gadaba,mudh1235,,,,
wich1264,Wichi-Lhamtes-Guisnay,wich1264,,,,
orej1242,Orejon,orej1242,,,,
buhi1245,Buhid,buhi1245,,,,
lyng1241,Lyngngam,lyng1241,,,,
maiw1251,Maiwa,maiw1251,,,,
mwag1236,Mwaghavul,mwag1236,,,,
sank1253,Maninka-Sankaran,sank1253,,,,
kina1250,Kinaray-a,kina1250,,,,
koch1250,Koh,koch1250,,,,
demm1245,Dem,demm1245,,,,
awet1244,Aweti,awet1244,,,,
esto1258,Estonian,esto1258,,,,
kari1311,Karitiana,kari1311,,,,
nzak1247,Nzakara,nzak1247,,,,
anuk1239,Anuki,anuk1239,,,,
soqo1240,Soqotri,soqo1240,,,,
manx1243,Manx,manx1243,,,,
paok1235,Karen-Pa-o,paok1235,,,,
panc1247,Pancana,panc1247,,,,
cebu1242,Cebuano,cebu1242,,,,
ngiz1242,Ngizim,ngiz1242,,,,
ndoo1241,Ndoola,ndoo1241,,,,
bara1375,Barapasi,bara1375,,,,
taju1238,Tajuasohn,taju1238,,,,
sima1258,Simaa-Mwenyi,sima1258,,,,
sema1266,Semai,sema1266,,,,
tuli1249,Tulishi,tuli1249,,,,
yang1293,Yangben,yang1293,,,,
krah1246,Kraho,krah1246,,,,
nyam1276,Nyamwezi,nyam1276,,,,
auye1238,Auye,auye1238,,,,
yuru1263,Yuruti,yuru1263,,,,
ikpe1245,Ikpeng,ikpe1245,,,,
shus1248,Shuswap,shus1248,,,,
bask1236,Basketto,bask1236,,,,
bago1245,Bago-Kusuntu,bago1245,,,,
atay1247,Atayal,atay1247,,,,
siss1242,Sissala,siss1242,,,,
thur1255,Turi,thur1255,,,,
jiba1237,Jiba,jiba1237,,,,
vano1237,Lovono-Vano,vano1237,,,,
kara1484,Karang,kara1484,,,,
kahu1241,Kahua,kahu1241,,,,
ocai1244,Ocaina,ocai1244,,,,
ngit1239,Ngiti,ngit1239,,,,
lauu1247,Lau-AN,lauu1247,,,,
etul1245,Etulo,etul1245,,,,
bant1293,Bantayanon,bant1293,,,,
seko1243,Seko-Padang,seko1243,,,,
bouy1240,Bouyi,bouy1240,,,,
subi1246,Subiya,subi1246,,,,
kute1249,Kutenai,kute1249,,,,
crim1257,CrimeanTatar,crim1257,,,,
vame1236,Vame,vame1236,,,,
cent2145,Pame-Central,cent2145,,,,
mika1239,Mikasuki,mika1239,,,,
tote1238,Totela,tote1238,,,,
sant1424,Cora-Santa-Teresa,sant1424,,,,
koro1304,Korop,koro1304,,,,
savo1255,Savosavo,savo1255,,,,
kuma1275,Kumam,kuma1275,,,,
afar1241,Afar,afar1241,,,,
chim1309,Chimila,chim1309,,,,
nami1256,Namia,nami1256,,,,
como1259,Comox,como1259,,,,
wall1257,Uvea-East-Wallisian,wall1257,,,,
komb1273,Kombai,komb1273,,,,
yagn1238,Yaghnobi,yagn1238,,,,
amis1246,Amis,amis1246,,,,
lubu1243,Kalinga-Lubuagan,lubu1243,,,,
niii1240,Nisi,niii1240,,,,
west2418,Magar-West,west2418,,,,
hano1246,Hano-Raga,hano1246,,,,
awin1248,Awing,awin1248,,,,
dusn1237,Dusner,dusn1237,,,,
saho1246,Saho,saho1246,,,,
komi1269,Komi-Permyak,komi1269,,,,
saek1240,Saek,saek1240,,,,
kofy1242,Kofyar,kofy1242,,,,
turk1308,Turkana,turk1308,,,,
bebe1248,Bebele,bebe1248,,,,
agat1236,Agatu,agat1236,,,,
mali1284,Malvi,mali1284,,,,
tala1295,Tal,tala1295,,,,
nort2699,Kolami-Northwestern,nort2699,,,,
hung1263,Hungarian,hung1263,,,,
mand1440,Mandara-Tabar,mand1440,,,,
ango1254,Anggor,ango1254,,,,
sout2790,Birifor-Southern,sout2790,,,,
miuu1237,Miu-My,miuu1237,,,,
udmu1245,Udmurt,udmu1245,,,,
enuu1235,Einu,enuu1235,,,,
saaa1241,Sa-Vanuatu,saaa1241,,,,
lawu1237,Lawunuia-Piva,lawu1237,,,,
bell1243,Bella-Coola,bell1243,,,,
odia1239,Odiai-Busa,odia1239,,,,
aros1241,Arosi,aros1241,,,,
sata1237,Satawalese,sata1237,,,,
kafa1242,Kafa,kafa1242,,,,
ngan1299,Ngangam,ngan1299,,,,
mach1266,Machame,mach1266,,,,
gogo1263,Gogo,gogo1263,,,,
selu1243,Selungai,selu1243,,,,
ngun1272,Ngungwel,ngun1272,,,,
domm1246,Dom-PNG,domm1246,,,,
muin1242,Muinane,muin1242,,,,
kasa1248,Kasanga,kasa1248,,,,
nucl1454,Yawa,nucl1454,,,,
thom1243,Thompson,thom1243,,,,
pend1242,Pendau,pend1242,,,,
hiri1237,Motu,hiri1237,,,,
gamo1243,Ngamo,gamo1243,,,,
nucl1683,Daba,nucl1683,,,,
lend1245,Lendu,lend1245,,,,
pera1257,Perai,pera1257,,,,
kane1243,Kanembu,kane1243,,,,
hree1244,Hre,hree1244,,,,
deor1238,Deori,deor1238,,,,
mare1261,Dineor-Maremgi,mare1261,,,,
ixca1245,Ixcatec,ixca1245,,,,
mamb1305,Mamboru,mamb1305,,,,
mong1338,Mongo-Nkundu,mong1338,,,,
oira1263,Oirat,oira1263,,,,
omba1241,Ombaama,omba1241,,,,
mamu1254,Mamusi,mamu1254,,,,
istr1245,Istroromanian,istr1245,,,,
rong1264,Rongpo,rong1264,,,,
toro1252,Dogon-Toro-Tegu,toro1252,,,,
hamt1247,Hamtai,hamt1247,,,,
assi1247,Assiniboine,assi1247,,,,
gade1236,Gade-Lohar,gade1236,,,,
boko1261,Bokoto,boko1261,,,,
pala1342,Senufo-Palaka,pala1342,,,,
seke1241,Seke,seke1241,,,,
bunu1267,Bunun,bunu1267,,,,
kaka1264,Kakanda,kaka1264,,,,
copa1236,Zoque-Copainala,copa1236,,,,
farw1235,Muria-Far-Western,farw1235,,,,
mmen1238,Mmen,mmen1238,,,,
madu1248,Kalinga-Madukayang,madu1248,,,,
chey1247,Cheyenne,chey1247,,,,
nupe1254,Nupe,nupe1254,,,,
xamt1239,Xamtanga,xamt1239,,,,
laiy1246,Laiyolo,laiy1246,,,,
pula1262,Pular-Fouta-Djallon,pula1262,,,,
mbul1258,Mbulungish,mbul1258,,,,
nava1243,Navajo,nava1243,,,,
nalu1240,Nlu,nalu1240,,,,
argo1244,Argobba,argo1244,,,,
khak1248,Khakas,khak1248,,,,
rung1259,Rungus,rung1259,,,,
copa1237,Triqui-Copala,copa1237,,,,
east2295,Yiddish,east2295,,,,
lala1264,Lala-Bisa,lala1264,,,,
capp1239,Greek,capp1239,,,,
rata1244,Ratahan,rata1244,,,,
tien1242,Tiene-Tende,tien1242,,,,
kwak1266,Kwaku,kwak1266,,,,
poko1261,Pokomo-Lower,poko1261,,,,
sibe1248,Sibe-PNG,sibe1248,,,,
jita1239,Jita,jita1239,,,,
olra1234,Olrat,olra1234,,,,
usag1244,Usaghade,usag1244,,,,
skol1241,Sami-Skolt,skol1241,,,,
arik1262,Arikara,arik1262,,,,
brah1256,Brahui,brah1256,,,,
ambl1237,Amblong,ambl1237,,,,
ughe1237,Ughele,ughe1237,,,,
kuke1242,Kukele,kuke1242,,,,
gede1246,Gedeo,gede1246,,,,
wamp1247,Wampar,wamp1247,,,,
ipul1238,Ipulo,ipul1238,,,,
buli1254,Buli,buli1254,,,,
khar1283,Tharu-Kathariya,khar1283,,,,
tons1239,Tonsawang,tons1239,,,,
rohi1238,Rohingya,rohi1238,,,,
laal1241,Bwamu-Laa,laal1241,,,,
kire1240,Kimre,kire1240,,,,
xibe1242,Xibe,xibe1242,,,,
kwai1243,Kwaio,kwai1243,,,,
edol1239,Edolo,edol1239,,,,
medu1238,Medumba,medu1238,,,,
usar1243,Usarufa,usar1243,,,,
kair1265,Kairui-Midiki,kair1265,,,,
penr1237,Penrhyn,penr1237,,,,
guaj1255,Guajajara,guaj1255,,,,
iwur1240,Iwur-Morop,iwur1240,,,,
male1292,Passamaquoddy,male1292,,,,
higa1237,Higaonon,higa1237,,,,
punu1239,Punu,punu1239,,,,
choc1279,Chochotec,choc1279,,,,
otor1240,Otoro,otor1240,,,,
jahh1242,Jah-Hut,jahh1242,,,,
kabi1261,Kabiye,kabi1261,,,,
enya1247,Menya,enya1247,,,,
awad1243,Awadhi,awad1243,,,,
ngie1241,Ngiemboon,ngie1241,,,,
mayo1262,Ifugao-Mayoyao,mayo1262,,,,
korr1238,Koraga,korr1238,,,,
mana1295,Manam,mana1295,,,,
tido1248,Tidore,tido1248,,,,
egyp1253,Arabic-Egyptian,egyp1253,,,,
tuam1242,Tuamotuan,tuam1242,,,,
topo1242,Toposa,topo1242,,,,
arhu1242,Arhuaco-Ika,arhu1242,,,,
guib1246,Bete-Guiberoua,guib1246,,,,
west2454,Fulfulde-Eastern-Niger,west2454,,,,
moks1248,Moksha,moks1248,,,,
tasa1240,Tasawaq,tasa1240,,,,
tipp1239,Tiperra,tipp1239,,,,
samb1311,Chamba-Daka,samb1311,,,,
buka1261,Bukat,buka1261,,,,
waor1240,Waorani,waor1240,,,,
gari1256,Garifuna,gari1256,,,,
arao1248,Araona,arao1248,,,,
yape1248,Yapese,yape1248,,,,
yamb1251,Yamba,yamb1251,,,,
sout2715,Ghale-South,sout2715,,,,
paci1278,Yupik,paci1278,,,,
noon1243,Noone,noon1243,,,,
pwap1237,Pwapwa,pwap1237,,,,
ashk1246,Ashkun,ashk1246,,,,
zuni1245,Zuni,zuni1245,,,,
chod1238,Chodri,chod1238,,,,
bura1269,Burak,bura1269,,,,
dako1258,Dakota,dako1258,,,,
lako1245,Lakona,lako1245,,,,
nige1255,Mambila-Nigerian,nige1255,,,,
weje1237,Wejewa,weje1237,,,,
juqu1238,Mixe-Juquila,juqu1238,,,,
chak1266,Chakma,chak1266,,,,
west2560,Bajau-West-Coast,west2560,,,,
bidi1241,Bidiyo,bidi1241,,,,
vaii1241,Vai,vaii1241,,,,
tang1353,Tangko,tang1353,,,,
manz1243,Mbanza,manz1243,,,,
ipil1240,Ipili,ipil1240,,,,
jala1237,Mazatec-Jalapa-de-Diaz,jala1237,,,,
nugu1241,Nugunu,nugu1241,,,,
aari1239,Laari,aari1239,,,,
clel1238,Clela,clel1238,,,,
beso1237,Besoa,beso1237,,,,
bira1254,Mbirao,bira1254,,,,
shaw1249,Shawnee,shaw1249,,,,
east2357,Mnong-Eastern,east2357,,,,
koas1236,Koasati,koas1236,,,,
mbul1262,Mbule,mbul1262,,,,
duup1238,Duupa,duup1238,,,,
chuk1274,Chuka,chuk1274,,,,
bora1263,Bora,bora1263,,,,
chau1258,Sanenyo-Chaura,chau1258,,,,
east2403,Acipa-Western,east2403,,,,
guan1266,Guanyinqiao,guan1266,,,,
chim1302,Quichua-Imbabura-Highland,chim1302,,,,
baka1274,Baka-Sudan,baka1274,,,,
naas1242,Naasioi,naas1242,,,,
hehe1240,Hehe,hehe1240,,,,
yapu1240,Yapunda,yapu1240,,,,
rawa1264,Rawa,rawa1264,,,,
ital1275,Italian,ital1275,,,,
krun1240,Krung2,krun1240,,,,
sapu1248,Sapuan,sapu1248,,,,
kumy1244,Kumyk,kumy1244,,,,
buga1247,Bugan,buga1247,,,,
fore1270,Fore,fore1270,,,,
barz1241,Barzani Jewish,barz1241,,,,
byep1241,Byep,byep1241,,,,
whit1269,Whitesands,whit1269,,,,
hran1239,Hrangkhol,hran1239,,,,
tiwa1253,Tiwa,tiwa1253,,,,
moyo1238,Moyon,moyo1238,,,,
toba1266,Tobati-Yotafa,toba1266,,,,
gbir1241,Gbiri-Niragu-Gure,gbir1241,,,,
phun1245,Phunoi,phun1245,,,,
ment1249,Mentawei,ment1249,,,,
oyda1235,Oyda,oyda1235,,,,
kwer1261,Kwere,kwer1261,,,,
kend1254,Kendayan-Selako,kend1254,,,,
lubu1241,Lumbu,lubu1241,,,,
sout2782,Fali-South,sout2782,,,,
kuma1280,Kuman,kuma1280,,,,
gebe1237,Gebe-Maluku,gebe1237,,,,
temi1247,Temi-Sonjo,temi1247,,,,
kaer1234,Kaera,kaer1234,,,,
mara1399,Maragus-Tape,mara1399,,,,
cent2142,Aymara-Central,cent2142,,,,
nyan1302,Nyangbo,nyan1302,,,,
mand1444,Manobo-Ata,mand1444,,,,
vile1241,Lule-Vilela,vile1241,,,,
papi1254,Papitalai,papi1254,,,,
kwes1245,Kwesten,kwes1245,,,,
chal1269,Chala,chal1269,,,,
bass1258,Basari,bass1258,,,,
libe1247,Kpelle-Liberia,libe1247,,,,
agar1252,Agarabi,agar1252,,,,
nucl1633,Nimboran,nucl1633,,,,
ngaz1238,Comorian-Ngazidja,ngaz1238,,,,
maqu1238,Maquiritari,maqu1238,,,,
gwer1238,Gwere,gwer1238,,,,
repa1237,Repanbitip,repa1237,,,,
abad1241,Gabadi,abad1241,,,,
hala1252,Halang,hala1252,,,,
kayu1243,Kayupulau,kayu1243,,,,
mina1268,Minangkabau,mina1268,,,,
sama1295,Samatao-Samu,sama1295,,,,
mora1239,Moraid,mora1239,,,,
tari1256,Tariana,tari1256,,,,
ampa1239,Manang,ampa1239,,,,
anti1245,English,anti1245,,,,
awji1241,Awjilah,awji1241,,,,
fare1241,Areare,fare1241,,,,
tuwa1243,Ifugao-Tuwali,tuwa1243,,,,
bamu1253,Bamun,bamu1253,,,,
rath1242,Rathwi,rath1242,,,,
moma1242,Moma,moma1242,,,,
bang1339,Bangala,bang1339,,,,
hulu1246,Thulung,hulu1246,,,,
aton1241,Atong,aton1241,,,,
pura1253,Puragi,pura1253,,,,
anaa1238,Anaang,anaa1238,,,,
iraq1241,Iraqw,iraq1241,,,,
ilit1241,Ili-Turki,ilit1241,,,,
polc1243,Polci,polc1243,,,,
ubii1238,Ubir,ubii1238,,,,
obom1235,Manobo-Obo,obom1235,,,,
nauk1242,Naukan,nauk1242,,,,
tlac1235,Tepehua-Tlachichilco,tlac1235,,,,
hlep1236,Yi-Hlepho-Phowa,hlep1236,,,,
labo1244,Labo-Ninde,labo1244,,,,
azhe1235,Yi-Azhe,azhe1235,,,,
mace1250,Macedonia,mace1250,,,,
rend1243,Rendille,rend1243,,,,
xish1235,Yi-Lalo-Xishanba,xish1235,,,,
till1254,Tillamook,till1254,,,,
surs1246,Sururunga,surs1246,,,,
buki1249,Bukiyip,buki1249,,,,
buga1250,Bukawac,buga1250,,,,
woge1237,Wogeo,woge1237,,,,
toto1304,Tolitoli,toto1304,,,,
tika1246,Tikar,tika1246,,,,
moch1256,Mochi,moch1256,,,,
kare1348,Karekare,kare1348,,,,
kada1282,Kadaru,kada1282,,,,
beam1240,Beami-Bedamuni-Beo,beam1240,,,,
duke1237,Duke-Nduke,duke1237,,,,
tung1290,Tungag-Lavongai,tung1290,,,,
chuw1238,Chuwabu,chuw1238,,,,
cent2101,Melanau-Central,cent2101,,,,
agar1251,Yagaria,agar1251,,,,
shek1245,Sheko,shek1245,,,,
dzuu1241,Dzuungoo,dzuu1241,,,,
bira1253,Birale,bira1253,,,,
chad1240,Cadong,chad1240,,,,
band1340,Bandial,band1340,,,,
kuyy1240,Kuy,kuyy1240,,,,
kusa1250,Kusaal,kusa1250,,,,
bobo1255,Bobongko,bobo1255,,,,
anam1249,Anambe,anam1249,,,,
kuni1267,Kunimaipa,kuni1267,,,,
baga1272,Baga-Sitem,baga1272,,,,
kara1465,Karachay,kara1465,,,,
chul1246,Chulym,chul1246,,,,
ghan1242,Ghanonnga,ghan1242,,,,
tswa1255,Tswa,tswa1255,,,,
cent2292,Bontok-Central,cent2292,,,,
tana1281,Tanapag,tana1281,,,,
akoo1248,Akoose,akoo1248,,,,
mogh1245,Moghol,mogh1245,,,,
uisa1238,Uisai,uisa1238,,,,
kava1241,Kavalan,kava1241,,,,
lopi1243,Lopit,lopi1243,,,,
plau1238,Plautdiitsch,plau1238,,,,
mere1242,Merei,mere1242,,,,
surg1246,Surgujia,surg1246,,,,
kweg1241,Kwegu,kweg1241,,,,
vale1250,Vale,vale1250,,,,
awak1250,Awak,awak1250,,,,
kulo1237,Pazeh,kulo1237,,,,
avat1244,Avatime,avat1244,,,,
torw1241,Torwali,torw1241,,,,
apal1257,Apalai,apal1257,,,,
bagu1251,Bagusa,bagu1251,,,,
nuer1246,Nuer,nuer1246,,,,
yazg1240,Yazgulami,yazg1240,,,,
gapa1238,Gapapaiwa,gapa1238,,,,
nusa1245,Nusa-Laut,nusa1245,,,,
chin1475,Chinali,chin1475,,,,
baeg1237,Baeggu,baeg1237,,,,
lowe1412,Kalinga-Tanudan,lowe1412,,,,
coas1295,Konjo,coas1295,,,,
masa1300,Maasai,masa1300,,,,
abai1240,Abai-Sungai,abai1240,,,,
choc1276,Choctaw,choc1276,,,,
agut1237,Agutaynon,agut1237,,,,
sikk1242,Sikkimese-Bhutia,sikk1242,,,,
aulu1238,Aulua,aulu1238,,,,
huau1237,Hualulu,huau1237,,,,
vama1243,Vamale,vama1243,,,,
wong1247,Wongo,wong1247,,,,
pite1240,Sami-Pite,pite1240,,,,
gunn1250,Gun-Gbe,gunn1250,,,,
roma1327,Rumanian,roma1327,,,,
ishk1246,Ishkashmi,ishk1246,,,,
gvok1239,Gvoko,gvok1239,,,,
swis1247,GermanSwiss,swis1247,,,,
taga1270,Tagalog,taga1270,,,,
nias1242,Nias,nias1242,,,,
masa1299,Masaba,masa1299,,,,
bina1271,Bina,bina1271,,,,
mosk1236,Moskona,mosk1236,,,,
kumz1235,Kumzari,kumz1235,,,,
haus1257,Hausa,haus1257,,,,
bamb1266,Bambili,bamb1266,,,,
sanf1258,Huave-del-San-Francisco,sanf1258,,,,
rang1267,Ranglong,rang1267,,,,
bafu1246,Bafut,bafu1246,,,,
iatm1242,Iatmul,iatm1242,,,,
nort2819,Bobo-Madare-Northern,nort2819,,,,
lugu1238,Luguru,lugu1238,,,,
kaba1278,Kabardian,kaba1278,,,,
neko1240,Nek,neko1240,,,,
khal1275,Khaling,khal1275,,,,
paco1243,Pacoh,paco1243,,,,
coon1239,Cung,coon1239,,,,
east2447,Futuna-East,east2447,,,,
taya1257,Tayart-Tamajaq,taya1257,,,,
gonj1241,Gonja,gonj1241,,,,
kora1291,Korandje,kora1291,,,,
ngam1267,Ngamambo,ngam1267,,,,
gbay1287,Gbaya-Bossangoa,gbay1287,,,,
oksa1245,Oksapmin,oksa1245,,,,
meng1263,Mengisa,meng1263,,,,
rama1270,Rama,rama1270,,,,
mend1261,Mendankwe,mend1261,,,,
axiy1235,Yi-Axi,axiy1235,,,,
ikaa1238,Lika,ikaa1238,,,,
ngwe1238,Ngwe,ngwe1238,,,,
amha1245,Amharic,amha1245,,,,
psik1239,Psikye,psik1239,,,,
leng1258,Lengola,leng1258,,,,
yugh1239,Yugh,yugh1239,,,,
guar1292,Guarayu,guar1292,,,,
lama1277,Lamahotot,lama1277,,,,
muon1246,Muong,muon1246,,,,
huic1243,Huichol,huic1243,,,,
temm1241,Tem,temm1241,,,,
khez1235,Naga-Khezha,khez1235,,,,
taji1248,Tajiki,taji1248,,,,
arbe1236,Albanian,arbe1236,,,,
watu1247,Watubela,watu1247,,,,
embu1241,Embu,embu1241,,,,
sout2958,Carrier,sout2958,,,,
tiko1237,Tikopia,tiko1237,,,,
lavu1241,Lavukaleve,lavu1241,,,,
mari1440,Maricopa,mari1440,,,,
ulch1241,Ulcha,ulch1241,,,,
achu1247,Achumawi,achu1247,,,,
cent2072,Masela-Central,cent2072,,,,
cash1254,Cashinahua,cash1254,,,,
bata1289,Batak-Toba,bata1289,,,,
mele1250,Mele-Fila,mele1250,,,,
luhu1243,Luhu-Maluku,luhu1243,,,,
dang1274,Dangla,dang1274,,,,
long1389,Longuda,long1389,,,,
yaey1239,Yaeyama,yaey1239,,,,
made1253,Maden,made1253,,,,
gbay1281,Gbaya-Mbodomo,gbay1281,,,,
bana1305,Bana,bana1305,,,,
bamb1270,Bambam-Pitu-Ulunna-Salu,bamb1270,,,,
nage1237,Nage,nage1237,,,,
xwel1235,Xwela-Gbe,xwel1235,,,,
inor1238,Inor,inor1238,,,,
tyap1238,Tyap,tyap1238,,,,
sipa1247,Sipakapenese,sipa1247,,,,
mmaa1238,Mmaala,mmaa1238,,,,
aleu1260,Eskimo-Aleut,aleu1260,,,,
buru1296,Burushaski,buru1296,,,,
cent2041,Grebo-Central,cent2041,,,,
mang1398,Mang,mang1398,,,,
sout3051,Gizga-South,sout3051,,,,
mala1487,Pando,mala1487,,,,
maza1296,Mazatec-Mazatlan,maza1296,,,,
demi1242,Demisa,demi1242,,,,
cent1992,Mnong-Central,cent1992,,,,
nkor1239,Nkoroo,nkor1239,,,,
negi1245,Negidal,negi1245,,,,
iauu1242,Iau,iauu1242,,,,
ghad1239,Ghadames,ghad1239,,,,
lewo1244,Lewotobi,lewo1244,,,,
waiw1244,Waiwai,waiw1244,,,,
noma1263,Nomatsiguenga,noma1263,,,,
kali1308,Kalispel,kali1308,,,,
loma1258,Loma,loma1258,,,,
nara1263,Narango,nara1263,,,,
dhiv1236,Dhivehi,dhiv1236,,,,
foau1240,Foau,foau1240,,,,
ramo1244,Ramoaaina,ramo1244,,,,
kala1373,Kalam,kala1373,,,,
beja1238,Beja,beja1238,,,,
kats1235,Katso,kats1235,,,,
nasa1240,Nasarian,nasa1240,,,,
sang1336,Sangir,sang1336,,,,
mere1246,Merey,mere1246,,,,
jams1239,Dogon-Jamsay,jams1239,,,,
nkhu1238,Nkumbi,nkhu1238,,,,
bekw1241,Bekwarra,bekw1241,,,,
keri1250,Kerinci,keri1250,,,,
latv1245,Latvian,latv1245,,,,
hame1242,Banna,hame1242,,,,
wawa1246,Wawa,wawa1246,,,,
aput1237,Putai,aput1237,,,,
naha1261,Nahali,naha1261,,,,
lowl1265,Tarahumara-Lowland,lowl1265,,,,
kalm1243,Kalmyk,kalm1243,,,,
yaka1277,Yakan,yaka1277,,,,
tour1243,Toura,tour1243,,,,
kubi1239,Kui,kubi1239,,,,
thai1261,Thami,thai1261,,,,
metl1238,Mixteco-Metlatonic,metl1238,,,,
dadi1249,Dadiya,dadi1249,,,,
toto1302,Toto,toto1302,,,,
auuu1241,Au-PNG,auuu1241,,,,
sika1262,Sikka,sika1262,,,,
kups1238,Kupsabiny,kups1238,,,,
dava1245,Davawenyo,dava1245,,,,
vedd1240,Vedda,vedd1240,,,,
budz1238,Budza,budz1238,,,,
make1251,Fanamaket,make1251,,,,
dobu1241,Dobu,dobu1241,,,,
guiq1238,Guiqiong,guiq1238,,,,
cara1270,Chara,cara1270,,,,
kobo1249,Kobon,kobo1249,,,,
talu1238,Yi-Talu,talu1238,,,,
cams1241,Camsa,cams1241,,,,
kala1391,Kalabakan,kala1391,,,,
kani1281,Kaninuwa,kani1281,,,,
jadd1243,Jad,jadd1243,,,,
lamb1271,Lama,lamb1271,,,,
cube1242,Cubeo,cube1242,,,,
komb1272,Kombio,komb1272,,,,
reja1241,Rejang,reja1241,,,,
tumz1238,Tumzabt,tumz1238,,,,
halk1245,Halkomelem,halk1245,,,,
east2779,Chin-Khumi,east2779,,,,
bafa1249,Bafanji,bafa1249,,,,
wood1236,Cree-Woods,wood1236,,,,
kaga1255,Kalagan-Kagan,kaga1255,,,,
waya1270,Wayampi,waya1270,,,,
duna1248,Iduna,duna1248,,,,
yint1235,Karen-Yintale,yint1235,,,,
ibib1240,Ibibio,ibib1240,,,,
eeee1240,E,eeee1240,,,,
bret1244,Breton,bret1244,,,,
amah1246,Amahuaca,amah1246,,,,
likw1239,Likwala,likw1239,,,,
bwat1240,Bwatoo,bwat1240,,,,
yiwo1237,Yom,yiwo1237,,,,
gora1262,Gorakor-Yanta,gora1262,,,,
jurm1239,Jur-Modo,jurm1239,,,,
buma1247,Bumang,buma1247,,,,
kick1244,Kickapoo,kick1244,,,,
sabu1255,Sabum,sabu1255,,,,
paic1239,Paici,paic1239,,,,
chit1248,Chitimacha,chit1248,,,,
erok1237,Erokwanas,erok1237,,,,
somr1248,Somrai,somr1248,,,,
dehu1237,Dehu,dehu1237,,,,
bara1362,Barama,bara1362,,,,
diaa1238,Dira,diaa1238,,,,
bauz1241,Bauzi,bauz1241,,,,
pona1250,Ponam,pona1250,,,,
ston1242,Stoney,ston1242,,,,
bada1257,Badaga,bada1257,,,,
yero1238,Yerong,yero1238,,,,
sais1237,Saisiyat,sais1237,,,,
kash1274,Kashubian,kash1274,,,,
peng1244,Pengo,peng1244,,,,
osag1243,Osage,osag1243,,,,
fort1240,Fortsenal,fort1240,,,,
yoga1237,Yogad,yoga1237,,,,
ormu1248,Ormu,ormu1248,,,,
shar1245,Sharanahua,shar1245,,,,
niua1240,Niuafoou,niua1240,,,,
tekt1235,Tektiteco,tekt1235,,,,
lawa1257,Lawangan,lawa1257,,,,
reng1252,Rengao,reng1252,,,,
tusc1257,Tuscarora,tusc1257,,,,
vute1244,Vute,vute1244,,,,
darm1243,Darmiya,darm1243,,,,
shat1244,Shatt-Damam,shat1244,,,,
tuyu1244,Tuyuca,tuyu1244,,,,
urub1243,Kaapor,urub1243,,,,
zire1244,Zerenkel,zire1244,,,,
tune1261,Tunen,tune1261,,,,
nort2930,Kiwai-Northeast,nort2930,,,,
cent2018,Fulfulde-Cent-East-Niger,cent2018,,,,
long1387,Longto-Voko,long1387,,,,
west2650,Cham-Western,west2650,,,,
anem1249,Anem,anem1249,,,,
yomb1244,Yombe,yomb1244,,,,
bank1259,Dogon-Bankan-Tey,bank1259,,,,
sele1249,Selee,sele1249,,,,
jola1262,Jola-Kaasa,jola1262,,,,
sera1259,Siraiki,sera1259,,,,
lele1265,Lele,lele1265,,,,
caac1237,Caac,caac1237,,,,
oroq1238,Oroqen,oroq1238,,,,
shar1244,Shark-Bay,shar1244,,,,
cher1271,Cherepon,cher1271,,,,
chir1283,Chiru,chir1283,,,,
kola1285,Kola-AN,kola1285,,,,
ndun1249,Nduga,ndun1249,,,,
lill1248,Lillooet,lill1248,,,,
savi1242,Savi,savi1242,,,,
dumb1241,Dumbea,dumb1241,,,,
pano1255,Panobo,pano1255,,,,
bond1248,Dogon-Dondum-Dom,bond1248,,,,
sant1410,Santali,sant1410,,,,
lart1238,Larteh,lart1238,,,,
wich1260,Wichita,wich1260,,,,
nari1240,Narim-Larim,nari1240,,,,
muss1246,Mussau-Emira,muss1246,,,,
guja1253,Gujarati,guja1253,,,,
zayy1238,Zay,zayy1238,,,,
wara1303,Warao,wara1303,,,,
magi1241,Ayta-Indi Ayta,magi1241,,,,
gogo1265,Gogodala,gogo1265,,,,
boun1245,Bo-Ung,boun1245,,,,
sang1330,Sangu,sang1330,,,,
bamu1254,Bamukumbit,bamu1254,,,,
koro1312,Korowai,koro1312,,,,
suya1243,Suoy,suya1243,,,,
crow1244,Crow,crow1244,,,,
bila1255,Bilua,bila1255,,,,
duwe1237,Guwot-Duwet,duwe1237,,,,
ruka1240,Rukai,ruka1240,,,,
mpii1239,Mpi,mpii1239,,,,
ache1245,Acheron,ache1245,,,,
pare1271,Asu-Pare,pare1271,,,,
kalu1247,Kalumpang,kalu1247,,,,
ning1274,Ninggirum,ning1274,,,,
sawk1238,Sawknah,sawk1238,,,,
lole1239,Lole-Roti,lole1239,,,,
pomo1271,Pom,pomo1271,,,,
para1311,Guarani-Paraguayan,para1311,,,,
bayo1260,Bayono,bayo1260,,,,
ters1235,Sami-Ter,ters1235,,,,
tani1257,Tanimuca,tani1257,,,,
luna1244,Lunda,luna1244,,,,
ewee1241,Ewe,ewee1241,,,,
mehi1240,Mehinaku,mehi1240,,,,
hyaa1239,Hyam,hyaa1239,,,,
vlax1238,Romani-Vlax,vlax1238,,,,
bezh1248,Bezhta,bezh1248,,,,
woli1241,Wolio,woli1241,,,,
tsak1249,Tsakhur,tsak1249,,,,
weta1242,Wetamut,weta1242,,,,
boik1241,Boikin,boik1241,,,,
koyo1242,Koyo,koyo1242,,,,
udaa1238,Uda,udaa1238,,,,
garh1243,Garhwali,garh1243,,,,
njeb1242,Njebi,njeb1242,,,,
mudu1239,Muduga,mudu1239,,,,
rasa1243,Rasawa,rasa1243,,,,
desi1235,Desiya,desi1235,,,,
hert1241,Hertevin,hert1241,,,,
suba1238,Suba-Bantu,suba1238,,,,
anka1246,Ankave,anka1246,,,,
odua1238,Odual,odua1238,,,,
akhv1239,Akhvakh,akhv1239,,,,
idum1241,Idu,idum1241,,,,
kore1280,Korean,kore1280,,,,
nort2740,Thai,nort2740,,,,
nyor1246,Nyoro,nyor1246,,,,
kora1296,Koryak,kora1296,,,,
liab1237,Liabuku,liab1237,,,,
wagi1249,Wagdi,wagi1249,,,,
nucl1240,Mumuye,nucl1240,,,,
bulg1240,Bulgarian,bulg1240,,,,
usho1238,Ushojo,usho1238,,,,
brek1238,Karen-Kayaw,brek1238,,,,
bama1251,Bamali,bama1251,,,,
pije1237,Pije,pije1237,,,,
rutu1240,Rutul,rutu1240,,,,
rotu1241,Rotuman,rotu1241,,,,
gumu1244,Gumuz-Sirba-Abay,gumu1244,,,,
mada1285,Madak,mada1285,,,,
jude1258,Georgian,jude1258,,,,
mewa1250,Mewati,mewa1250,,,,
touo1238,Touo,touo1238,,,,
nort2727,Lohorong,nort2727,,,,
mang1401,Mangareva,mang1401,,,,
otda1235,Ot-Danum-Dohoi,otda1235,,,,
khis1238,Khisa,khis1238,,,,
misk1235,Miskito,misk1235,,,,
wang1299,Wanggom,wang1299,,,,
sege1235,Seget,sege1235,,,,
nucl1305,Kannada,nucl1305,,,,
cish1238,Tsishingini,cish1238,,,,
dolg1241,Dolgan,dolg1241,,,,
cemu1238,Cemuhi,cemu1238,,,,
laha1250,Laha,laha1250,,,,
chad1249,Arabic-Chadic,chad1249,,,,
varl1238,Varli,varl1238,,,,
nask1242,Naskapi,nask1242,,,,
west2422,Meohang-West,west2422,,,,
dhar1247,Harari,dhar1247,,,,
nort2723,Pumi-North,nort2723,,,,
urat1244,Urat,urat1244,,,,
keny1279,Kenyang,keny1279,,,,
masi1266,Masiwang,masi1266,,,,
sout2896,Lembata-South,sout2896,,,,
maku1273,Naga-Makuri,maku1273,,,,
lhom1239,Lhomi,lhom1239,,,,
algo1255,Algonquin,algo1255,,,,
mand1446,Mandayan,mand1446,,,,
juru1256,Juruna,juru1256,,,,
alur1250,Alur,alur1250,,,,
moha1256,Mohave,moha1256,,,,
sout2645,Fars,sout2645,,,,
nort2810,Grebo-Northern,nort2810,,,,
bath1244,Bathari,bath1244,,,,
mehe1243,Mehek,mehe1243,,,,
kwaz1243,Kwaza,kwaz1243,,,,
mota1237,Mota-Vanuatu,mota1237,,,,
bugh1239,Bughotu,bugh1239,,,,
yekh1238,Etsako-Yekhee,yekh1238,,,,
taga1268,Tagakaulu,taga1268,,,,
tugu1245,Tugun,tugu1245,,,,
ewon1239,Ewondo,ewon1239,,,,
zemb1238,Zemba,zemb1238,,,,
maho1249,Mahou,maho1249,,,,
arop1243,Arop-Lokep,arop1243,,,,
tobe1252,Tobelo,tobe1252,,,,
saur1249,Malto-Sauria Paharia,saur1249,,,,
chum1261,Chumburung,chum1261,,,,
mala1464,Malayalam,mala1464,,,,
adam1253,Fulfulde-Adamawa,adam1253,,,,
mamb1294,Manombai,mamb1294,,,,
elip1238,Elip,elip1238,,,,
moni1261,Moni-Papua,moni1261,,,,
mese1244,Mesme,mese1244,,,,
taga1278,Tagargrent,taga1278,,,,
futu1245,Futuna-Aniwa,futu1245,,,,
nyon1241,Yong,nyon1241,,,,
kara1483,Karamojong,kara1483,,,,
telu1262,Telugu,telu1262,,,,
adho1243,Adhola,adho1243,,,,
lash1243,Lashi,lash1243,,,,
tich1238,Tichurong,tich1238,,,,
duun1242,Duungooma,duun1242,,,,
abid1235,Abidji,abid1235,,,,
zang1255,Zangwal,zang1255,,,,
shan1283,Shanenawa,shan1283,,,,
dugw1239,Dugwor,dugw1239,,,,
food1238,Foodo,food1238,,,,
jenn1240,Jenu-Kurumba,jenn1240,,,,
paip1241,Paipai,paip1241,,,,
shem1239,Senufo-Shempire,shem1239,,,,
thar1283,Tharaka,thar1283,,,,
bian1251,Marind,bian1251,,,,
kutu1263,Kutu,kutu1263,,,,
daha1245,Dahalo,daha1245,,,,
arag1245,Aragonese,arag1245,,,,
imro1237,Imroing,imro1237,,,,
babi1235,Babine,babi1235,,,,
fala1243,Chin-Falam,fala1243,,,,
boko1263,Boko,boko1263,,,,
barg1252,Bargam,barg1252,,,,
twen1242,Twendi,twen1242,,,,
sint1235,Romani-Sinti,sint1235,,,,
kara1499,Karas,kara1499,,,,
boun1243,Kulango-Bouna,boun1243,,,,
sape1238,Saep,sape1238,,,,
cham1318,Chamicuro,cham1318,,,,
meya1236,Meyah,meya1236,,,,
chan1310,Chantyal,chan1310,,,,
bala1301,Balanta-Kentohe,bala1301,,,,
manu1255,Karen-Manumanaw,manu1255,,,,
wapi1253,Wapishana,wapi1253,,,,
legb1242,Leggbo,legb1242,,,,
urua1244,Uruangnirin,urua1244,,,,
kara1474,Karata,kara1474,,,,
kera1248,Kera,kera1248,,,,
sanm1298,Triqui-Itunyoso,sanm1298,,,,
cent1972,Kurdish-Central-Sorani,cent1972,,,,
tita1240,Titan,tita1240,,,,
tehu1242,Tehuelche,tehu1242,,,,
ixte1237,Otomi-Ixtenco,ixte1237,,,,
goan1235,Konkani,goan1235,,,,
uppe1438,Upper-Kuskokwim,uppe1438,,,,
saur1248,Saurashtra,saur1248,,,,
budu1248,Budukh,budu1248,,,,
agus1235,Manobo-Agusan,agus1235,,,,
noma1260,Nomaande,noma1260,,,,
cayu1261,Cayuga,cayu1261,,,,
nung1292,Nunu,nung1292,,,,
mina1276,Mina,mina1276,,,,
ghar1239,Ghari,ghar1239,,,,
nimo1246,Nimoa-Rifao,nimo1246,,,,
tele1256,Telefol,tele1256,,,,
bara1378,Baraamu,bara1378,,,,
tomb1244,Tombonuo,tomb1244,,,,
waig1244,Waigeo-Ambel,waig1244,,,,
maho1248,Mahongwe,maho1248,,,,
nucl1649,Tsimshian,nucl1649,,,,
jaun1243,Jaunsari,jaun1243,,,,
ping1243,Pingelapese,ping1243,,,,
tzot1259,Tzotzil-San-An-Larrain,tzot1259,,,,
cahu1264,Cahuila,cahu1264,,,,
pear1247,Pear,pear1247,,,,
dadi1250,Dadibi,dadi1250,,,,
nort2735,Dong-North,nort2735,,,,
litz1237,Litzlitz,litz1237,,,,
kili1268,Kiliwa,kili1268,,,,
kumb1274,Kumbewaha,kumb1274,,,,
khar1287,Kharia,khar1287,,,,
masa1322,Masana,masa1322,,,,
lora1237,Lorang,lora1237,,,,
sang1320,Sangkong,sang1320,,,,
mama1277,Mamasa,mama1277,,,,
maga1263,Ayta-Mag-Anchi,maga1263,,,,
gese1240,Geser-Gorum,gese1240,,,,
geba1237,Karen-Geba,geba1237,,,,
dump1242,Dumpas,dump1242,,,,
suba1252,Suba-Simbiti,suba1252,,,,
urak1238,Urak-Lawoi,urak1238,,,,
fuli1240,Fuliiru,fuli1240,,,,
lote1237,Lote,lote1237,,,,
dard1243,Daju-Dar Dadju,dard1243,,,,
onoo1246,Ono-Morobe,onoo1246,,,,
poli1260,Polish,poli1260,,,,
nook1247,Nooksack,nook1247,,,,
mara1404,Maranao,mara1404,,,,
buwa1243,Buwal,buwa1243,,,,
wels1247,Welsh,wels1247,,,,
carn1240,Car-Nicobar,carn1240,,,,
ludi1246,Ludian,ludi1246,,,,
kuij1237,Kuijau,kuij1237,,,,
nanc1253,Nancere,nanc1253,,,,
beng1280,Bengali,beng1280,,,,
budu1250,Budu,budu1250,,,,
assa1263,Assamese,assa1263,,,,
napu1241,Napu,napu1241,,,,
monz1249,Monzombo,monz1249,,,,
paku1239,Karen-Paku,paku1239,,,,
pure1242,Tarascan-Purepecha,pure1242,,,,
yaku1245,Yakut,yaku1245,,,,
baku1263,Bakumpai,baku1263,,,,
squa1248,Squamish,squa1248,,,,
asue1235,Awyu-Assue,asue1235,,,,
nobo1238,Nobonob,nobo1238,,,,
kare1335,Karelian,kare1335,,,,
muya1239,Muya,muya1239,,,,
mana1298,Manambu,mana1298,,,,
lama1278,Lamalera,lama1278,,,,
ndoo1242,Endo,ndoo1242,,,,
elmo1238,Elmolo,elmo1238,,,,
tobo1251,Tobo-PNG,tobo1251,,,,
pawn1254,Pawnee,pawn1254,,,,
anut1237,Anuta,anut1237,,,,
cent2089,Subanen-Central,cent2089,,,,
sanm1301,Popoloca-Tlacoyalco,sanm1301,,,,
boro1277,Karo-Ethiopia,boro1277,,,,
hung1278,Hungana,hung1278,,,,
toll1241,Tol,toll1241,,,,
east2558,Chatino-Western-Highland,east2558,,,,
meke1243,Mekeo,meke1243,,,,
chal1275,Chaldean,chal1275,,,,
maka1311,Makasae,maka1311,,,,
juwa1238,Juwal,juwa1238,,,,
west2643,Mixteco-Western-Juxtlahuaca,west2643,,,,
afri1274,Afrikaans,afri1274,,,,
sons1242,Sonsorol,sons1242,,,,
izer1241,Izere,izer1241,,,,
sida1246,Sidamo,sida1246,,,,
quio1240,Chinantec-Quiotepec,quio1240,,,,
zaba1237,Zabana,zaba1237,,,,
siny1243,Sinyar,siny1243,,,,
sout2668,Hindko,sout2668,,,,
dend1243,Dendi,dend1243,,,,
nawd1238,Nawdm,nawd1238,,,,
phua1239,Phuan,phua1239,,,,
cros1244,Mbembe-CrossRiver,cros1244,,,,
chan1309,Changthang,chan1309,,,,
uduk1239,Uduk,uduk1239,,,,
piam1242,Piamatsina,piam1242,,,,
maas1239,Fulfulde-Maasina,maas1239,,,,
kove1237,Kove,kove1237,,,,
yawa1260,Yawanawa,yawa1260,,,,
nort2732,Tujia-North,nort2732,,,,
yura1255,Yuracare,yura1255,,,,
west2386,Punjabi-Western,west2386,,,,
seim1238,Seimat,seim1238,,,,
argu1237,Arguni,argu1237,,,,
biat1246,Biatah-Bidayuh,biat1246,,,,
awar1248,Awara,awar1248,,,,
gida1247,Gidar,gida1247,,,,
sude1239,Sudest,sude1239,,,,
mari1428,Marik,mari1428,,,,
khor1269,Turkish-Khorasani,khor1269,,,,
sari1246,Sarikoli,sari1246,,,,
ghot1243,Ghotuo,ghot1243,,,,
chay1248,Chayahuita,chay1248,,,,
mutu1242,Mutu,mutu1242,,,,
solo1258,Solong-Arawe,solo1258,,,,
